inventory_id,item_id,store_id,available_qty,order_qty,order_status,storage_type
Inv1,I1,sc1,285,500,shipped,standard
Inv2,I2,sc1,198,500,shipped,standard
Inv3,I3,sc1,312,750,shipped,standard
Inv4,I4,sc1,403,1000,shipped,standard
Inv5,I5,sc1,205,500,shipped,standard
Inv6,I6,sc1,295,750,shipped,standard
Inv7,I7,sc1,402,1000,shipped,standard
Inv8,I8,sc1,12,12,pending,standard
Inv9,I9,sc1,5,0,n/a,standard
Inv10,I10,sc1,2,0,n/a,standard
Inv11,I11,sc1,1,0,n/a,standard
Inv12,I12,sc1,1,0,n/a,standard
Inv13,I13,sc1,1,0,n/a,standard
Inv14,I14,sc1,425,1500,shipped,standard
Inv15,I15,sc1,490,1000,shipped,standard
Inv16,I16,sc1,739,1000,shipped,standard
Inv17,I17,sc1,52,100,shipped,standard
Inv18,I18,sc1,10,18,shipped,standard
Inv19,I19,sc1,7,12,shipped,standard
Inv20,I20,sc1,12,25,shipped,standard
Inv21,I21,sc1,8,12,shipped,standard
Inv22,I22,sc1,3,6,shipped,standard
Inv23,I23,sc1,1,0,n/a,standard
Inv24,I24,sc1,1,2,shipped,standard
Inv25,I25,sc1,2,4,shipped,standard
Inv26,I26,sc1,1,2,shipped,standard
Inv27,I27,sc1,1,2,shipped,standard
Inv28,I28,sc1,1,3,shipped,standard
Inv29,I29,sc1,1,2,shipped,standard
Inv30,I30,sc1,1,2,shipped,standard
Inv31,I31,sc1,1,2,shipped,standard
Inv32,I32,sc1,1,2,shipped,standard
Inv33,I33,sc1,1,2,shipped,standard
Inv34,I34,sc1,6,12,shipped,standard
Inv35,I35,sc1,7,12,shipped,standard
Inv36,I36,sc1,2,6,shipped,standard
Inv37,I37,sc1,2,6,shipped,standard
Inv38,I38,sc1,3,6,shipped,standard
Inv39,I39,sc1,1,2,shipped,standard
Inv40,I40,sc1,4,6,shipped,standard
Inv41,I41,sc1,4,6,confirmed,standard
Inv42,I42,sc1,2,4,confirmed,cold
Inv43,I43,sc1,2,4,confirmed,cold
Inv44,I44,sc1,2,2,shipped,standard
Inv45,I45,sc1,6,12,shipped,standard
Inv46,I46,sc1,3,10,confirmed,standard
Inv47,I47,sc1,3,6,confirmed,cold
Inv48,I48,sc1,2,6,confirmed,cold
Inv49,I49,sc1,3,6,confirmed,cold
Inv50,I50,sc1,2,12,confirmed,cold
Inv51,I51,sc1,2,12,confirmed,cold
Inv52,I52,sc1,3,12,confirmed,cold
Inv53,I53,sc1,4,12,confirmed,cold
Inv54,I54,sc1,3,12,confirmed,cold
Inv55,I55,sc1,5,12,confirmed,cold
Inv56,I56,sc1,2,12,confirmed,cold
Inv57,I57,sc1,2,6,shipped,standard
Inv58,I58,sc1,2,12,confirmed,cold
Inv59,I59,sc1,5,12,confirmed,cold
Inv60,I60,sc1,4,12,confirmed,cold
Inv61,I61,sc1,1,4,shipped,standard
Inv62,I62,sc1,2,4,confirmed,standard
Inv63,I63,sc1,2,6,shipped,standard
Inv64,I64,sc1,2,6,shipped,standard
Inv65,I65,sc1,2,6,shipped,standard
Inv66,I66,sc1,3,8,confirmed,standard
Inv67,I67,sc1,2,6,shipped,standard
Inv68,I68,sc1,1,4,confirmed,standard
Inv69,I69,sc1,12,25,confirmed,cold
Inv70,I70,sc1,12,25,confirmed,cold
Inv71,I71,sc1,12,25,confirmed,cold
Inv72,I72,sc1,3,12,confirmed,cold
Inv73,I73,sc1,3,8,confirmed,cold
Inv74,I74,sc1,3,12,confirmed,cold
Inv75,I75,sc1,3,12,confirmed,cold
Inv76,I76,sc1,3,12,confirmed,cold
Inv77,I77,sc1,3,12,shipped,standard
Inv78,I78,sc1,3,12,shipped,standard
Inv79,I79,sc1,3,12,shipped,standard
Inv80,I80,sc1,3,12,shipped,standard
Inv81,I81,sc1,3,12,shipped,standard
Inv82,I82,sc1,13,25,shipped,standard
Inv83,I83,sc1,7,24,shipped,standard
Inv84,I84,sc1,2,8,shipped,standard
Inv85,I85,sc1,3,12,shipped,standard
Inv86,I86,sc1,4,6,shipped,standard
Inv87,I87,sc1,2,4,shipped,standard
Inv88,I88,sc1,2,4,shipped,standard
Inv89,I89,sc2,3,12,confirmed,cold
Inv90,I1,sc2,285,500,shipped,standard
Inv91,I2,sc2,198,500,shipped,standard
Inv92,I3,sc2,312,750,shipped,standard
Inv93,I4,sc2,403,1000,shipped,standard
Inv94,I5,sc2,205,500,shipped,standard
Inv95,I6,sc2,295,750,shipped,standard
Inv96,I7,sc2,402,1000,shipped,standard
Inv97,I8,sc2,12,12,pending,standard
Inv98,I9,sc2,5,0,n/a,standard
Inv99,I10,sc2,2,0,n/a,standard
Inv100,I11,sc2,1,0,n/a,standard
Inv101,I12,sc2,1,0,n/a,standard
Inv102,I13,sc2,1,0,n/a,standard
Inv103,I14,sc2,425,1500,shipped,standard
Inv104,I15,sc2,490,1000,shipped,standard
Inv105,I16,sc2,739,1000,shipped,standard
Inv106,I17,sc2,52,100,shipped,standard
Inv107,I18,sc2,10,18,shipped,standard
Inv108,I19,sc2,7,12,shipped,standard
Inv109,I20,sc2,12,25,shipped,standard
Inv110,I21,sc2,8,12,shipped,standard
Inv111,I22,sc2,3,6,shipped,standard
Inv112,I23,sc2,1,0,n/a,standard
Inv113,I24,sc2,1,2,shipped,standard
Inv114,I25,sc2,2,4,shipped,standard
Inv115,I26,sc2,1,2,shipped,standard
Inv116,I27,sc2,1,2,shipped,standard
Inv117,I28,sc2,1,3,shipped,standard
Inv118,I29,sc2,1,2,shipped,standard
Inv119,I30,sc2,1,2,shipped,standard
Inv120,I31,sc2,1,2,shipped,standard
Inv121,I32,sc2,1,2,shipped,standard
Inv122,I33,sc2,1,2,shipped,standard
Inv123,I34,sc2,6,12,shipped,standard
Inv124,I35,sc2,7,12,shipped,standard
Inv125,I36,sc2,2,6,shipped,standard
Inv126,I37,sc2,2,6,shipped,standard
Inv127,I38,sc2,3,6,shipped,standard
Inv128,I39,sc2,1,2,shipped,standard
Inv129,I40,sc2,4,6,shipped,standard
Inv130,I41,sc2,4,6,confirmed,standard
Inv131,I42,sc2,2,4,confirmed,cold
Inv132,I43,sc2,2,4,confirmed,cold
Inv133,I44,sc2,2,2,shipped,standard
Inv134,I45,sc2,6,12,shipped,standard
Inv135,I46,sc2,3,10,confirmed,standard
Inv136,I47,sc2,3,6,confirmed,cold
Inv137,I48,sc2,2,6,confirmed,cold
Inv138,I49,sc2,3,6,confirmed,cold
Inv139,I50,sc2,2,12,confirmed,cold
Inv140,I51,sc2,2,12,confirmed,cold
Inv141,I52,sc2,3,12,confirmed,cold
Inv142,I53,sc2,4,12,confirmed,cold
Inv143,I54,sc2,3,12,confirmed,cold
Inv144,I55,sc2,5,12,confirmed,cold
Inv145,I56,sc2,2,12,confirmed,cold
Inv146,I57,sc2,2,6,shipped,standard
Inv147,I58,sc2,2,12,confirmed,cold
Inv148,I59,sc2,5,12,confirmed,cold
Inv149,I60,sc2,4,12,confirmed,cold
Inv150,I61,sc2,1,4,shipped,standard
Inv151,I62,sc2,2,4,confirmed,standard
Inv152,I63,sc2,2,6,shipped,standard
Inv153,I64,sc2,2,6,shipped,standard
Inv154,I65,sc2,2,6,shipped,standard
Inv155,I66,sc2,3,8,confirmed,standard
Inv156,I67,sc2,2,6,shipped,standard
Inv157,I68,sc2,1,4,confirmed,standard
Inv158,I69,sc2,12,25,confirmed,cold
Inv159,I70,sc2,12,25,confirmed,cold
Inv160,I71,sc2,12,25,confirmed,cold
Inv161,I72,sc2,3,12,confirmed,cold
Inv162,I73,sc2,3,8,confirmed,cold
Inv163,I74,sc2,3,12,confirmed,cold
Inv164,I75,sc2,3,12,confirmed,cold
Inv165,I76,sc2,3,12,confirmed,cold
Inv166,I77,sc2,3,12,shipped,standard
Inv167,I78,sc2,3,12,shipped,standard
Inv168,I79,sc2,3,12,shipped,standard
Inv169,I80,sc2,3,12,shipped,standard
Inv170,I81,sc2,3,12,shipped,standard
Inv171,I82,sc2,13,25,shipped,standard
Inv172,I83,sc2,7,24,shipped,standard
Inv173,I84,sc2,2,8,shipped,standard
Inv174,I85,sc2,3,12,shipped,standard
Inv175,I86,sc2,4,6,shipped,standard
Inv176,I87,sc2,2,4,shipped,standard
Inv177,I88,sc2,2,4,shipped,standard
Inv178,I89,sc2,3,12,confirmed,cold
Inv179,I1,sc3,285,750,shipped,standard
Inv180,I2,sc3,198,750,shipped,standard
Inv181,I3,sc3,312,1000,shipped,standard
Inv182,I4,sc3,403,1500,shipped,standard
Inv183,I5,sc3,205,750,shipped,standard
Inv184,I6,sc3,295,1000,shipped,standard
Inv185,I7,sc3,402,1500,shipped,standard
Inv186,I8,sc3,12,12,pending,standard
Inv187,I9,sc3,5,0,n/a,standard
Inv188,I10,sc3,2,0,n/a,standard
Inv189,I11,sc3,1,0,n/a,standard
Inv190,I12,sc3,1,0,n/a,standard
Inv191,I13,sc3,1,0,n/a,standard
Inv192,I14,sc3,425,2000,shipped,standard
Inv193,I15,sc3,490,1500,shipped,standard
Inv194,I16,sc3,739,1500,shipped,standard
Inv195,I17,sc3,52,200,shipped,standard
Inv196,I18,sc3,10,18,shipped,standard
Inv197,I19,sc3,7,12,shipped,standard
Inv198,I20,sc3,12,50,shipped,standard
Inv199,I21,sc3,8,12,shipped,standard
Inv200,I22,sc3,3,6,shipped,standard
Inv201,I23,sc3,1,0,n/a,standard
Inv202,I24,sc3,2,4,shipped,standard
Inv203,I25,sc3,2,4,shipped,standard
Inv204,I26,sc3,2,4,shipped,standard
Inv205,I27,sc3,2,4,shipped,standard
Inv206,I28,sc3,1,3,shipped,standard
Inv207,I29,sc3,2,4,shipped,standard
Inv208,I30,sc3,2,4,shipped,standard
Inv209,I31,sc3,2,4,shipped,standard
Inv210,I32,sc3,2,4,shipped,standard
Inv211,I33,sc3,2,4,shipped,standard
Inv212,I34,sc3,6,12,shipped,standard
Inv213,I35,sc3,7,12,shipped,standard
Inv214,I36,sc3,2,6,shipped,standard
Inv215,I37,sc3,2,6,shipped,standard
Inv216,I38,sc3,3,6,shipped,standard
Inv217,I39,sc3,2,4,shipped,standard
Inv218,I40,sc3,4,6,shipped,standard
Inv219,I41,sc3,4,6,confirmed,standard
Inv220,I42,sc3,2,4,confirmed,cold
Inv221,I43,sc3,2,4,confirmed,cold
Inv222,I44,sc3,2,2,shipped,standard
Inv223,I45,sc3,6,12,shipped,standard
Inv224,I46,sc3,3,10,confirmed,standard
Inv225,I47,sc3,3,6,confirmed,cold
Inv226,I48,sc3,2,6,confirmed,cold
Inv227,I49,sc3,3,6,confirmed,cold
Inv228,I50,sc3,2,12,confirmed,cold
Inv229,I51,sc3,2,12,confirmed,cold
Inv230,I52,sc3,3,12,confirmed,cold
Inv231,I53,sc3,4,12,confirmed,cold
Inv232,I54,sc3,3,12,confirmed,cold
Inv233,I55,sc3,5,12,confirmed,cold
Inv234,I56,sc3,2,12,confirmed,cold
Inv235,I57,sc3,2,6,shipped,standard
Inv236,I58,sc3,2,12,confirmed,cold
Inv237,I59,sc3,5,12,confirmed,cold
Inv238,I60,sc3,4,12,confirmed,cold
Inv239,I61,sc3,1,4,shipped,standard
Inv240,I62,sc3,2,4,confirmed,standard
Inv241,I63,sc3,2,6,shipped,standard
Inv242,I64,sc3,2,6,shipped,standard
Inv243,I65,sc3,2,6,shipped,standard
Inv244,I66,sc3,3,8,confirmed,standard
Inv245,I67,sc3,2,6,shipped,standard
Inv246,I68,sc3,1,4,confirmed,standard
Inv247,I69,sc3,12,50,confirmed,cold
Inv248,I70,sc3,12,50,confirmed,cold
Inv249,I71,sc3,12,50,confirmed,cold
Inv250,I72,sc3,3,12,confirmed,cold
Inv251,I73,sc3,3,8,confirmed,cold
Inv252,I74,sc3,3,12,confirmed,cold
Inv253,I75,sc3,3,12,confirmed,cold
Inv254,I76,sc3,3,12,confirmed,cold
Inv255,I77,sc3,3,12,shipped,standard
Inv256,I78,sc3,3,12,shipped,standard
Inv257,I79,sc3,3,12,shipped,standard
Inv258,I80,sc3,3,12,shipped,standard
Inv259,I81,sc3,3,12,shipped,standard
Inv260,I82,sc3,13,50,shipped,standard
Inv261,I83,sc3,7,36,shipped,standard
Inv262,I84,sc3,2,8,shipped,standard
Inv263,I85,sc3,3,12,shipped,standard
Inv264,I86,sc3,4,6,shipped,standard
Inv265,I87,sc3,2,4,shipped,standard
Inv266,I88,sc3,2,4,shipped,standard
Inv267,I89,sc3,3,12,confirmed,cold
Inv268,I1,sc4,285,500,shipped,standard
Inv269,I2,sc4,198,500,shipped,standard
Inv270,I3,sc4,312,750,shipped,standard
Inv271,I4,sc4,403,1000,shipped,standard
Inv272,I5,sc4,205,500,shipped,standard
Inv273,I6,sc4,295,750,shipped,standard
Inv274,I7,sc4,402,1000,shipped,standard
Inv275,I8,sc4,12,12,pending,standard
Inv276,I9,sc4,5,0,n/a,standard
Inv277,I10,sc4,2,0,n/a,standard
Inv278,I11,sc4,1,0,n/a,standard
Inv279,I12,sc4,1,0,n/a,standard
Inv280,I13,sc4,1,0,n/a,standard
Inv281,I14,sc4,425,1500,shipped,standard
Inv282,I15,sc4,490,1000,shipped,standard
Inv283,I16,sc4,739,1000,shipped,standard
Inv284,I17,sc4,52,100,shipped,standard
Inv285,I18,sc4,10,18,shipped,standard
Inv286,I19,sc4,7,12,shipped,standard
Inv287,I20,sc4,12,25,shipped,standard
Inv288,I21,sc4,8,12,shipped,standard
Inv289,I22,sc4,3,6,shipped,standard
Inv290,I23,sc4,1,0,n/a,standard
Inv291,I24,sc4,1,2,shipped,standard
Inv292,I25,sc4,2,4,shipped,standard
Inv293,I26,sc4,1,2,shipped,standard
Inv294,I27,sc4,1,2,shipped,standard
Inv295,I28,sc4,1,3,shipped,standard
Inv296,I29,sc4,1,2,shipped,standard
Inv297,I30,sc4,1,2,shipped,standard
Inv298,I31,sc4,1,2,shipped,standard
Inv299,I32,sc4,1,2,shipped,standard
Inv300,I33,sc4,1,2,shipped,standard
Inv301,I34,sc4,6,12,shipped,standard
Inv302,I35,sc4,7,12,shipped,standard
Inv303,I36,sc4,2,6,shipped,standard
Inv304,I37,sc4,2,6,shipped,standard
Inv305,I38,sc4,3,6,shipped,standard
Inv306,I39,sc4,1,2,shipped,standard
Inv307,I40,sc4,4,6,shipped,standard
Inv308,I41,sc4,4,6,confirmed,standard
Inv309,I42,sc4,2,4,confirmed,cold
Inv310,I43,sc4,2,4,confirmed,cold
Inv311,I44,sc4,2,2,shipped,standard
Inv312,I45,sc4,6,12,shipped,standard
Inv313,I46,sc4,3,10,confirmed,standard
Inv314,I47,sc4,3,6,confirmed,cold
Inv315,I48,sc4,2,6,confirmed,cold
Inv316,I49,sc4,3,6,confirmed,cold
Inv317,I50,sc4,2,12,confirmed,cold
Inv318,I51,sc4,2,12,confirmed,cold
Inv319,I52,sc4,3,12,confirmed,cold
Inv320,I53,sc4,4,12,confirmed,cold
Inv321,I54,sc4,3,12,confirmed,cold
Inv322,I55,sc4,5,12,confirmed,cold
Inv323,I56,sc4,2,12,confirmed,cold
Inv324,I57,sc4,2,6,shipped,standard
Inv325,I58,sc4,2,12,confirmed,cold
Inv326,I59,sc4,5,12,confirmed,cold
Inv327,I60,sc4,4,12,confirmed,cold
Inv328,I61,sc4,1,4,shipped,standard
Inv329,I62,sc4,2,4,confirmed,standard
Inv330,I63,sc4,2,6,shipped,standard
Inv331,I64,sc4,2,6,shipped,standard
Inv332,I65,sc4,2,6,shipped,standard
Inv333,I66,sc4,3,8,confirmed,standard
Inv334,I67,sc4,2,6,shipped,standard
Inv335,I68,sc4,1,4,confirmed,standard
Inv336,I69,sc4,12,25,confirmed,cold
Inv337,I70,sc4,12,25,confirmed,cold
Inv338,I71,sc4,12,25,confirmed,cold
Inv339,I72,sc4,3,12,confirmed,cold
Inv340,I73,sc4,3,8,confirmed,cold
Inv341,I74,sc4,3,12,confirmed,cold
Inv342,I75,sc4,3,12,confirmed,cold
Inv343,I76,sc4,3,12,confirmed,cold
Inv344,I77,sc4,3,12,shipped,standard
Inv345,I78,sc4,3,12,shipped,standard
Inv346,I79,sc4,3,12,shipped,standard
Inv347,I80,sc4,3,12,shipped,standard
Inv348,I81,sc4,3,12,shipped,standard
Inv349,I82,sc4,13,25,shipped,standard
Inv350,I83,sc4,7,24,shipped,standard
Inv351,I84,sc4,2,8,shipped,standard
Inv352,I85,sc4,3,12,shipped,standard
Inv353,I86,sc4,4,6,shipped,standard
Inv354,I87,sc4,2,4,shipped,standard
Inv355,I88,sc4,2,4,shipped,standard
Inv356,I89,sc4,3,12,confirmed,cold
Inv357,I1,sc5,285,500,shipped,standard
Inv358,I2,sc5,198,500,shipped,standard
Inv359,I3,sc5,312,750,shipped,standard
Inv360,I4,sc5,403,1000,shipped,standard
Inv361,I5,sc5,205,500,shipped,standard
Inv362,I6,sc5,295,750,shipped,standard
Inv363,I7,sc5,402,1000,shipped,standard
Inv364,I8,sc5,12,12,pending,standard
Inv365,I9,sc5,5,0,n/a,standard
Inv366,I10,sc5,2,0,n/a,standard
Inv367,I11,sc5,1,0,n/a,standard
Inv368,I12,sc5,1,0,n/a,standard
Inv369,I13,sc5,1,0,n/a,standard
Inv370,I14,sc5,425,1500,shipped,standard
Inv371,I15,sc5,490,1000,shipped,standard
Inv372,I16,sc5,739,1000,shipped,standard
Inv373,I17,sc5,52,100,shipped,standard
Inv374,I18,sc5,10,18,shipped,standard
Inv375,I19,sc5,7,12,shipped,standard
Inv376,I20,sc5,12,25,shipped,standard
Inv377,I21,sc5,8,12,shipped,standard
Inv378,I22,sc5,3,6,shipped,standard
Inv379,I23,sc5,1,0,n/a,standard
Inv380,I24,sc5,1,2,shipped,standard
Inv381,I25,sc5,2,4,shipped,standard
Inv382,I26,sc5,1,2,shipped,standard
Inv383,I27,sc5,1,2,shipped,standard
Inv384,I28,sc5,1,3,shipped,standard
Inv385,I29,sc5,1,2,shipped,standard
Inv386,I30,sc5,1,2,shipped,standard
Inv387,I31,sc5,1,2,shipped,standard
Inv388,I32,sc5,1,2,shipped,standard
Inv389,I33,sc5,1,2,shipped,standard
Inv390,I34,sc5,6,12,shipped,standard
Inv391,I35,sc5,7,12,shipped,standard
Inv392,I36,sc5,2,6,shipped,standard
Inv393,I37,sc5,2,6,shipped,standard
Inv394,I38,sc5,3,6,shipped,standard
Inv395,I39,sc5,1,2,shipped,standard
Inv396,I40,sc5,4,6,shipped,standard
Inv397,I41,sc5,4,6,confirmed,standard
Inv398,I42,sc5,2,4,confirmed,cold
Inv399,I43,sc5,2,4,confirmed,cold
Inv400,I44,sc5,2,2,shipped,standard
Inv401,I45,sc5,6,12,shipped,standard
Inv402,I46,sc5,3,10,confirmed,standard
Inv403,I47,sc5,3,6,confirmed,cold
Inv404,I48,sc5,2,6,confirmed,cold
Inv405,I49,sc5,3,6,confirmed,cold
Inv406,I50,sc5,2,12,confirmed,cold
Inv407,I51,sc5,2,12,confirmed,cold
Inv408,I52,sc5,3,12,confirmed,cold
Inv409,I53,sc5,4,12,confirmed,cold
Inv410,I54,sc5,3,12,confirmed,cold
Inv411,I55,sc5,5,12,confirmed,cold
Inv412,I56,sc5,2,12,confirmed,cold
Inv413,I57,sc5,2,6,shipped,standard
Inv414,I58,sc5,2,12,confirmed,cold
Inv415,I59,sc5,5,12,confirmed,cold
Inv416,I60,sc5,4,12,confirmed,cold
Inv417,I61,sc5,1,4,shipped,standard
Inv418,I62,sc5,2,4,confirmed,standard
Inv419,I63,sc5,2,6,shipped,standard
Inv420,I64,sc5,2,6,shipped,standard
Inv421,I65,sc5,2,6,shipped,standard
Inv422,I66,sc5,3,8,confirmed,standard
Inv423,I67,sc5,2,6,shipped,standard
Inv424,I68,sc5,1,4,confirmed,standard
Inv425,I69,sc5,12,25,confirmed,cold
Inv426,I70,sc5,12,25,confirmed,cold
Inv427,I71,sc5,12,25,confirmed,cold
Inv428,I72,sc5,3,12,confirmed,cold
Inv429,I73,sc5,3,8,confirmed,cold
Inv430,I74,sc5,3,12,confirmed,cold
Inv431,I75,sc5,3,12,confirmed,cold
Inv432,I76,sc5,3,12,confirmed,cold
Inv433,I77,sc5,3,12,shipped,standard
Inv434,I78,sc5,3,12,shipped,standard
Inv435,I79,sc5,3,12,shipped,standard
Inv436,I80,sc5,3,12,shipped,standard
Inv437,I81,sc5,3,12,shipped,standard
Inv438,I82,sc5,13,25,shipped,standard
Inv439,I83,sc5,7,24,shipped,standard
Inv440,I84,sc5,2,8,shipped,standard
Inv441,I85,sc5,3,12,shipped,standard
Inv442,I86,sc5,4,6,shipped,standard
Inv443,I87,sc5,2,4,shipped,standard
Inv444,I88,sc5,2,4,shipped,standard
Inv445,I89,sc5,3,12,confirmed,cold
Inv446,I1,sc6,285,500,shipped,standard
Inv447,I2,sc6,198,500,shipped,standard
Inv448,I3,sc6,312,750,shipped,standard
Inv449,I4,sc6,403,1000,shipped,standard
Inv450,I5,sc6,205,500,shipped,standard
Inv451,I6,sc6,295,750,shipped,standard
Inv452,I7,sc6,402,1000,shipped,standard
Inv453,I8,sc6,12,12,pending,standard
Inv454,I9,sc6,5,0,n/a,standard
Inv455,I10,sc6,2,0,n/a,standard
Inv456,I11,sc6,1,0,n/a,standard
Inv457,I12,sc6,1,0,n/a,standard
Inv458,I13,sc6,1,0,n/a,standard
Inv459,I14,sc6,425,1500,shipped,standard
Inv460,I15,sc6,490,1000,shipped,standard
Inv461,I16,sc6,739,1000,shipped,standard
Inv462,I17,sc6,52,100,shipped,standard
Inv463,I18,sc6,10,18,shipped,standard
Inv464,I19,sc6,7,12,shipped,standard
Inv465,I20,sc6,12,25,shipped,standard
Inv466,I21,sc6,8,12,shipped,standard
Inv467,I22,sc6,3,6,shipped,standard
Inv468,I23,sc6,1,0,n/a,standard
Inv469,I24,sc6,1,2,shipped,standard
Inv470,I25,sc6,2,4,shipped,standard
Inv471,I26,sc6,1,2,shipped,standard
Inv472,I27,sc6,1,2,shipped,standard
Inv473,I28,sc6,1,3,shipped,standard
Inv474,I29,sc6,1,2,shipped,standard
Inv475,I30,sc6,1,2,shipped,standard
Inv476,I31,sc6,1,2,shipped,standard
Inv477,I32,sc6,1,2,shipped,standard
Inv478,I33,sc6,1,2,shipped,standard
Inv479,I34,sc6,6,12,shipped,standard
Inv480,I35,sc6,7,12,shipped,standard
Inv481,I36,sc6,2,6,shipped,standard
Inv482,I37,sc6,2,6,shipped,standard
Inv483,I38,sc6,3,6,shipped,standard
Inv484,I39,sc6,1,2,shipped,standard
Inv485,I40,sc6,4,6,shipped,standard
Inv486,I41,sc6,4,6,confirmed,standard
Inv487,I42,sc6,2,4,confirmed,cold
Inv488,I43,sc6,2,4,confirmed,cold
Inv489,I44,sc6,2,2,shipped,standard
Inv490,I45,sc6,6,12,shipped,standard
Inv491,I46,sc6,3,10,confirmed,standard
Inv492,I47,sc6,3,6,confirmed,cold
Inv493,I48,sc6,2,6,confirmed,cold
Inv494,I49,sc6,3,6,confirmed,cold
Inv495,I50,sc6,2,12,confirmed,cold
Inv496,I51,sc6,2,12,confirmed,cold
Inv497,I52,sc6,3,12,confirmed,cold
Inv498,I53,sc6,4,12,confirmed,cold
Inv499,I54,sc6,3,12,confirmed,cold
Inv500,I55,sc6,5,12,confirmed,cold
Inv501,I56,sc6,2,12,confirmed,cold
Inv502,I57,sc6,2,6,shipped,standard
Inv503,I58,sc6,2,12,confirmed,cold
Inv504,I59,sc6,5,12,confirmed,cold
Inv505,I60,sc6,4,12,confirmed,cold
Inv506,I61,sc6,1,4,shipped,standard
Inv507,I62,sc6,2,4,confirmed,standard
Inv508,I63,sc6,2,6,shipped,standard
Inv509,I64,sc6,2,6,shipped,standard
Inv510,I65,sc6,2,6,shipped,standard
Inv511,I66,sc6,3,8,confirmed,standard
Inv512,I67,sc6,2,6,shipped,standard
Inv513,I68,sc6,1,4,confirmed,standard
Inv514,I69,sc6,12,25,confirmed,cold
Inv515,I70,sc6,12,25,confirmed,cold
Inv516,I71,sc6,12,25,confirmed,cold
Inv517,I72,sc6,3,12,confirmed,cold
Inv518,I73,sc6,3,8,confirmed,cold
Inv519,I74,sc6,3,12,confirmed,cold
Inv520,I75,sc6,3,12,confirmed,cold
Inv521,I76,sc6,3,12,confirmed,cold
Inv522,I77,sc6,3,12,shipped,standard
Inv523,I78,sc6,3,12,shipped,standard
Inv524,I79,sc6,3,12,shipped,standard
Inv525,I80,sc6,3,12,shipped,standard
Inv526,I81,sc6,3,12,shipped,standard
Inv527,I82,sc6,13,25,shipped,standard
Inv528,I83,sc6,7,24,shipped,standard
Inv529,I84,sc6,2,8,shipped,standard
Inv530,I85,sc6,3,12,shipped,standard
Inv531,I86,sc6,4,6,shipped,standard
Inv532,I87,sc6,2,4,shipped,standard
Inv533,I88,sc6,2,4,shipped,standard
Inv534,I89,sc6,3,12,confirmed,cold
Inv535,I1,sc7,285,500,shipped,standard
Inv536,I2,sc7,198,500,shipped,standard
Inv537,I3,sc7,312,750,shipped,standard
Inv538,I4,sc7,403,1000,shipped,standard
Inv539,I5,sc7,205,500,shipped,standard
Inv540,I6,sc7,295,750,shipped,standard
Inv541,I7,sc7,402,1000,shipped,standard
Inv542,I8,sc7,12,12,pending,standard
Inv543,I9,sc7,5,0,n/a,standard
Inv544,I10,sc7,2,0,n/a,standard
Inv545,I11,sc7,1,0,n/a,standard
Inv546,I12,sc7,1,0,n/a,standard
Inv547,I13,sc7,1,0,n/a,standard
Inv548,I14,sc7,425,1500,shipped,standard
Inv549,I15,sc7,490,1000,shipped,standard
Inv550,I16,sc7,739,1000,shipped,standard
Inv551,I17,sc7,52,100,shipped,standard
Inv552,I18,sc7,10,18,shipped,standard
Inv553,I19,sc7,7,12,shipped,standard
Inv554,I20,sc7,12,25,shipped,standard
Inv555,I21,sc7,8,12,shipped,standard
Inv556,I22,sc7,3,6,shipped,standard
Inv557,I23,sc7,1,0,n/a,standard
Inv558,I24,sc7,1,2,shipped,standard
Inv559,I25,sc7,2,4,shipped,standard
Inv560,I26,sc7,1,2,shipped,standard
Inv561,I27,sc7,1,2,shipped,standard
Inv562,I28,sc7,1,3,shipped,standard
Inv563,I29,sc7,1,2,shipped,standard
Inv564,I30,sc7,1,2,shipped,standard
Inv565,I31,sc7,1,2,shipped,standard
Inv566,I32,sc7,1,2,shipped,standard
Inv567,I33,sc7,1,2,shipped,standard
Inv568,I34,sc7,6,12,shipped,standard
Inv569,I35,sc7,7,12,shipped,standard
Inv570,I36,sc7,2,6,shipped,standard
Inv571,I37,sc7,2,6,shipped,standard
Inv572,I38,sc7,3,6,shipped,standard
Inv573,I39,sc7,1,2,shipped,standard
Inv574,I40,sc7,4,6,shipped,standard
Inv575,I41,sc7,4,6,confirmed,standard
Inv576,I42,sc7,2,4,confirmed,cold
Inv577,I43,sc7,2,4,confirmed,cold
Inv578,I44,sc7,2,2,shipped,standard
Inv579,I45,sc7,6,12,shipped,standard
Inv580,I46,sc7,3,10,confirmed,standard
Inv581,I47,sc7,3,6,confirmed,cold
Inv582,I48,sc7,2,6,confirmed,cold
Inv583,I49,sc7,3,6,confirmed,cold
Inv584,I50,sc7,2,12,confirmed,cold
Inv585,I51,sc7,2,12,confirmed,cold
Inv586,I52,sc7,3,12,confirmed,cold
Inv587,I53,sc7,4,12,confirmed,cold
Inv588,I54,sc7,3,12,confirmed,cold
Inv589,I55,sc7,5,12,confirmed,cold
Inv590,I56,sc7,2,12,confirmed,cold
Inv591,I57,sc7,2,6,shipped,standard
Inv592,I58,sc7,2,12,confirmed,cold
Inv593,I59,sc7,5,12,confirmed,cold
Inv594,I60,sc7,4,12,confirmed,cold
Inv595,I61,sc7,1,4,shipped,standard
Inv596,I62,sc7,2,4,confirmed,standard
Inv597,I63,sc7,2,6,shipped,standard
Inv598,I64,sc7,2,6,shipped,standard
Inv599,I65,sc7,2,6,shipped,standard
Inv600,I66,sc7,3,8,confirmed,standard
Inv601,I67,sc7,2,6,shipped,standard
Inv602,I68,sc7,1,4,confirmed,standard
Inv603,I69,sc7,12,25,confirmed,cold
Inv604,I70,sc7,12,25,confirmed,cold
Inv605,I71,sc7,12,25,confirmed,cold
Inv606,I72,sc7,3,12,confirmed,cold
Inv607,I73,sc7,3,8,confirmed,cold
Inv608,I74,sc7,3,12,confirmed,cold
Inv609,I75,sc7,3,12,confirmed,cold
Inv610,I76,sc7,3,12,confirmed,cold
Inv611,I77,sc7,3,12,shipped,standard
Inv612,I78,sc7,3,12,shipped,standard
Inv613,I79,sc7,3,12,shipped,standard
Inv614,I80,sc7,3,12,shipped,standard
Inv615,I81,sc7,3,12,shipped,standard
Inv616,I82,sc7,13,25,shipped,standard
Inv617,I83,sc7,7,24,shipped,standard
Inv618,I84,sc7,2,8,shipped,standard
Inv619,I85,sc7,3,12,shipped,standard
Inv620,I86,sc7,4,6,shipped,standard
Inv621,I87,sc7,2,4,shipped,standard
Inv622,I88,sc7,2,4,shipped,standard
Inv623,I89,sc7,3,12,confirmed,cold
Inv624,I1,sc8,285,500,shipped,standard
Inv625,I2,sc8,198,500,shipped,standard
Inv626,I3,sc8,312,750,shipped,standard
Inv627,I4,sc8,403,1000,shipped,standard
Inv628,I5,sc8,205,500,shipped,standard
Inv629,I6,sc8,295,750,shipped,standard
Inv630,I7,sc8,402,1000,shipped,standard
Inv631,I8,sc8,12,12,pending,standard
Inv632,I9,sc8,5,0,n/a,standard
Inv633,I10,sc8,2,0,n/a,standard
Inv634,I11,sc8,1,0,n/a,standard
Inv635,I12,sc8,1,0,n/a,standard
Inv636,I13,sc8,1,0,n/a,standard
Inv637,I14,sc8,425,1500,shipped,standard
Inv638,I15,sc8,490,1000,shipped,standard
Inv639,I16,sc8,739,1000,shipped,standard
Inv640,I17,sc8,52,100,shipped,standard
Inv641,I18,sc8,10,18,shipped,standard
Inv642,I19,sc8,7,12,shipped,standard
Inv643,I20,sc8,12,25,shipped,standard
Inv644,I21,sc8,8,12,shipped,standard
Inv645,I22,sc8,3,6,shipped,standard
Inv646,I23,sc8,1,0,n/a,standard
Inv647,I24,sc8,1,2,shipped,standard
Inv648,I25,sc8,2,4,shipped,standard
Inv649,I26,sc8,1,2,shipped,standard
Inv650,I27,sc8,1,2,shipped,standard
Inv651,I28,sc8,1,3,shipped,standard
Inv652,I29,sc8,1,2,shipped,standard
Inv653,I30,sc8,1,2,shipped,standard
Inv654,I31,sc8,1,2,shipped,standard
Inv655,I32,sc8,1,2,shipped,standard
Inv656,I33,sc8,1,2,shipped,standard
Inv657,I34,sc8,6,12,shipped,standard
Inv658,I35,sc8,7,12,shipped,standard
Inv659,I36,sc8,2,6,shipped,standard
Inv660,I37,sc8,2,6,shipped,standard
Inv661,I38,sc8,3,6,shipped,standard
Inv662,I39,sc8,1,2,shipped,standard
Inv663,I40,sc8,4,6,shipped,standard
Inv664,I41,sc8,4,6,confirmed,standard
Inv665,I42,sc8,2,4,confirmed,cold
Inv666,I43,sc8,2,4,confirmed,cold
Inv667,I44,sc8,2,2,shipped,standard
Inv668,I45,sc8,6,12,shipped,standard
Inv669,I46,sc8,3,10,confirmed,standard
Inv670,I47,sc8,3,6,confirmed,cold
Inv671,I48,sc8,2,6,confirmed,cold
Inv672,I49,sc8,3,6,confirmed,cold
Inv673,I50,sc8,2,12,confirmed,cold
Inv674,I51,sc8,2,12,confirmed,cold
Inv675,I52,sc8,3,12,confirmed,cold
Inv676,I53,sc8,4,12,confirmed,cold
Inv677,I54,sc8,3,12,confirmed,cold
Inv678,I55,sc8,5,12,confirmed,cold
Inv679,I56,sc8,2,12,confirmed,cold
Inv680,I57,sc8,2,6,shipped,standard
Inv681,I58,sc8,2,12,confirmed,cold
Inv682,I59,sc8,5,12,confirmed,cold
Inv683,I60,sc8,4,12,confirmed,cold
Inv684,I61,sc8,1,4,shipped,standard
Inv685,I62,sc8,2,4,confirmed,standard
Inv686,I63,sc8,2,6,shipped,standard
Inv687,I64,sc8,2,6,shipped,standard
Inv688,I65,sc8,2,6,shipped,standard
Inv689,I66,sc8,3,8,confirmed,standard
Inv690,I67,sc8,2,6,shipped,standard
Inv691,I68,sc8,1,4,confirmed,standard
Inv692,I69,sc8,12,25,confirmed,cold
Inv693,I70,sc8,12,25,confirmed,cold
Inv694,I71,sc8,12,25,confirmed,cold
Inv695,I72,sc8,3,12,confirmed,cold
Inv696,I73,sc8,3,8,confirmed,cold
Inv697,I74,sc8,3,12,confirmed,cold
Inv698,I75,sc8,3,12,confirmed,cold
Inv699,I76,sc8,3,12,confirmed,cold
Inv700,I77,sc8,3,12,shipped,standard
Inv701,I78,sc8,3,12,shipped,standard
Inv702,I79,sc8,3,12,shipped,standard
Inv703,I80,sc8,3,12,shipped,standard
Inv704,I81,sc8,3,12,shipped,standard
Inv705,I82,sc8,13,25,shipped,standard
Inv706,I83,sc8,7,24,shipped,standard
Inv707,I84,sc8,2,8,shipped,standard
Inv708,I85,sc8,3,12,shipped,standard
Inv709,I86,sc8,4,6,shipped,standard
Inv710,I87,sc8,2,4,shipped,standard
Inv711,I88,sc8,2,4,shipped,standard
Inv712,I89,sc8,3,12,confirmed,cold
Inv713,I1,sc9,285,750,shipped,standard
Inv714,I2,sc9,198,750,shipped,standard
Inv715,I3,sc9,312,1000,shipped,standard
Inv716,I4,sc9,403,1500,shipped,standard
Inv717,I5,sc9,205,750,shipped,standard
Inv718,I6,sc9,295,1000,shipped,standard
Inv719,I7,sc9,402,1500,shipped,standard
Inv720,I8,sc9,12,12,pending,standard
Inv721,I9,sc9,5,0,n/a,standard
Inv722,I10,sc9,2,0,n/a,standard
Inv723,I11,sc9,1,0,n/a,standard
Inv724,I12,sc9,1,0,n/a,standard
Inv725,I13,sc9,1,0,n/a,standard
Inv726,I14,sc9,425,2000,shipped,standard
Inv727,I15,sc9,490,1500,shipped,standard
Inv728,I16,sc9,739,1500,shipped,standard
Inv729,I17,sc9,52,200,shipped,standard
Inv730,I18,sc9,10,18,shipped,standard
Inv731,I19,sc9,7,12,shipped,standard
Inv732,I20,sc9,12,50,shipped,standard
Inv733,I21,sc9,8,12,shipped,standard
Inv734,I22,sc9,3,6,shipped,standard
Inv735,I23,sc9,1,0,n/a,standard
Inv736,I24,sc9,2,4,shipped,standard
Inv737,I25,sc9,2,4,shipped,standard
Inv738,I26,sc9,2,4,shipped,standard
Inv739,I27,sc9,2,4,shipped,standard
Inv740,I28,sc9,1,3,shipped,standard
Inv741,I29,sc9,2,4,shipped,standard
Inv742,I30,sc9,2,4,shipped,standard
Inv743,I31,sc9,2,4,shipped,standard
Inv744,I32,sc9,2,4,shipped,standard
Inv745,I33,sc9,2,4,shipped,standard
Inv746,I34,sc9,6,12,shipped,standard
Inv747,I35,sc9,7,12,shipped,standard
Inv748,I36,sc9,2,6,shipped,standard
Inv749,I37,sc9,2,6,shipped,standard
Inv750,I38,sc9,3,6,shipped,standard
Inv751,I39,sc9,2,4,shipped,standard
Inv752,I40,sc9,4,6,shipped,standard
Inv753,I41,sc9,4,6,confirmed,standard
Inv754,I42,sc9,2,4,confirmed,cold
Inv755,I43,sc9,2,4,confirmed,cold
Inv756,I44,sc9,2,2,shipped,standard
Inv757,I45,sc9,6,12,shipped,standard
Inv758,I46,sc9,3,10,confirmed,standard
Inv759,I47,sc9,3,6,confirmed,cold
Inv760,I48,sc9,2,6,confirmed,cold
Inv761,I49,sc9,3,6,confirmed,cold
Inv762,I50,sc9,2,12,confirmed,cold
Inv763,I51,sc9,2,12,confirmed,cold
Inv764,I52,sc9,3,12,confirmed,cold
Inv765,I53,sc9,4,12,confirmed,cold
Inv766,I54,sc9,3,12,confirmed,cold
Inv767,I55,sc9,5,12,confirmed,cold
Inv768,I56,sc9,2,12,confirmed,cold
Inv769,I57,sc9,2,6,shipped,standard
Inv770,I58,sc9,2,12,confirmed,cold
Inv771,I59,sc9,5,12,confirmed,cold
Inv772,I60,sc9,4,12,confirmed,cold
Inv773,I61,sc9,1,4,shipped,standard
Inv774,I62,sc9,2,4,confirmed,standard
Inv775,I63,sc9,2,6,shipped,standard
Inv776,I64,sc9,2,6,shipped,standard
Inv777,I65,sc9,2,6,shipped,standard
Inv778,I66,sc9,3,8,confirmed,standard
Inv779,I67,sc9,2,6,shipped,standard
Inv780,I68,sc9,1,4,confirmed,standard
Inv781,I69,sc9,12,50,confirmed,cold
Inv782,I70,sc9,12,50,confirmed,cold
Inv783,I71,sc9,12,50,confirmed,cold
Inv784,I72,sc9,3,12,confirmed,cold
Inv785,I73,sc9,3,8,confirmed,cold
Inv786,I74,sc9,3,12,confirmed,cold
Inv787,I75,sc9,3,12,confirmed,cold
Inv788,I76,sc9,3,12,confirmed,cold
Inv789,I77,sc9,3,12,shipped,standard
Inv790,I78,sc9,3,12,shipped,standard
Inv791,I79,sc9,3,12,shipped,standard
Inv792,I80,sc9,3,12,shipped,standard
Inv793,I81,sc9,3,12,shipped,standard
Inv794,I82,sc9,13,50,shipped,standard
Inv795,I83,sc9,7,36,shipped,standard
Inv796,I84,sc9,2,8,shipped,standard
Inv797,I85,sc9,3,12,shipped,standard
Inv798,I86,sc9,4,6,shipped,standard
Inv799,I87,sc9,2,4,shipped,standard
Inv800,I88,sc9,2,4,shipped,standard
Inv801,I89,sc9,3,12,confirmed,cold
Inv802,I1,sc10,285,500,shipped,standard
Inv803,I2,sc10,198,500,shipped,standard
Inv804,I3,sc10,312,750,shipped,standard
Inv805,I4,sc10,403,1000,shipped,standard
Inv806,I5,sc10,205,500,shipped,standard
Inv807,I6,sc10,295,750,shipped,standard
Inv808,I7,sc10,402,1000,shipped,standard
Inv809,I8,sc10,12,12,pending,standard
Inv810,I9,sc10,5,0,n/a,standard
Inv811,I10,sc10,2,0,n/a,standard
Inv812,I11,sc10,1,0,n/a,standard
Inv813,I12,sc10,1,0,n/a,standard
Inv814,I13,sc10,1,0,n/a,standard
Inv815,I14,sc10,425,1500,shipped,standard
Inv816,I15,sc10,490,1000,shipped,standard
Inv817,I16,sc10,739,1000,shipped,standard
Inv818,I17,sc10,52,100,shipped,standard
Inv819,I18,sc10,10,18,shipped,standard
Inv820,I19,sc10,7,12,shipped,standard
Inv821,I20,sc10,12,25,shipped,standard
Inv822,I21,sc10,8,12,shipped,standard
Inv823,I22,sc10,3,6,shipped,standard
Inv824,I23,sc10,1,0,n/a,standard
Inv825,I24,sc10,1,2,shipped,standard
Inv826,I25,sc10,2,4,shipped,standard
Inv827,I26,sc10,1,2,shipped,standard
Inv828,I27,sc10,1,2,shipped,standard
Inv829,I28,sc10,1,3,shipped,standard
Inv830,I29,sc10,1,2,shipped,standard
Inv831,I30,sc10,1,2,shipped,standard
Inv832,I31,sc10,1,2,shipped,standard
Inv833,I32,sc10,1,2,shipped,standard
Inv834,I33,sc10,1,2,shipped,standard
Inv835,I34,sc10,6,12,shipped,standard
Inv836,I35,sc10,7,12,shipped,standard
Inv837,I36,sc10,2,6,shipped,standard
Inv838,I37,sc10,2,6,shipped,standard
Inv839,I38,sc10,3,6,shipped,standard
Inv840,I39,sc10,1,2,shipped,standard
Inv841,I40,sc10,4,6,shipped,standard
Inv842,I41,sc10,4,6,confirmed,standard
Inv843,I42,sc10,2,4,confirmed,cold
Inv844,I43,sc10,2,4,confirmed,cold
Inv845,I44,sc10,2,2,shipped,standard
Inv846,I45,sc10,6,12,shipped,standard
Inv847,I46,sc10,3,10,confirmed,standard
Inv848,I47,sc10,3,6,confirmed,cold
Inv849,I48,sc10,2,6,confirmed,cold
Inv850,I49,sc10,3,6,confirmed,cold
Inv851,I50,sc10,2,12,confirmed,cold
Inv852,I51,sc10,2,12,confirmed,cold
Inv853,I52,sc10,3,12,confirmed,cold
Inv854,I53,sc10,4,12,confirmed,cold
Inv855,I54,sc10,3,12,confirmed,cold
Inv856,I55,sc10,5,12,confirmed,cold
Inv857,I56,sc10,2,12,confirmed,cold
Inv858,I57,sc10,2,6,shipped,standard
Inv859,I58,sc10,2,12,confirmed,cold
Inv860,I59,sc10,5,12,confirmed,cold
Inv861,I60,sc10,4,12,confirmed,cold
Inv862,I61,sc10,1,4,shipped,standard
Inv863,I62,sc10,2,4,confirmed,standard
Inv864,I63,sc10,2,6,shipped,standard
Inv865,I64,sc10,2,6,shipped,standard
Inv866,I65,sc10,2,6,shipped,standard
Inv867,I66,sc10,3,8,confirmed,standard
Inv868,I67,sc10,2,6,shipped,standard
Inv869,I68,sc10,1,4,confirmed,standard
Inv870,I69,sc10,12,25,confirmed,cold
Inv871,I70,sc10,12,25,confirmed,cold
Inv872,I71,sc10,12,25,confirmed,cold
Inv873,I72,sc10,3,12,confirmed,cold
Inv874,I73,sc10,3,8,confirmed,cold
Inv875,I74,sc10,3,12,confirmed,cold
Inv876,I75,sc10,3,12,confirmed,cold
Inv877,I76,sc10,3,12,confirmed,cold
Inv878,I77,sc10,3,12,shipped,standard
Inv879,I78,sc10,3,12,shipped,standard
Inv880,I79,sc10,3,12,shipped,standard
Inv881,I80,sc10,3,12,shipped,standard
Inv882,I81,sc10,3,12,shipped,standard
Inv883,I82,sc10,13,25,shipped,standard
Inv884,I83,sc10,7,24,shipped,standard
Inv885,I84,sc10,2,8,shipped,standard
Inv886,I85,sc10,3,12,shipped,standard
Inv887,I86,sc10,4,6,shipped,standard
Inv888,I87,sc10,2,4,shipped,standard
Inv889,I88,sc10,2,4,shipped,standard
Inv890,I89,sc10,3,12,confirmed,cold
Inv891,I1,sc11,285,500,shipped,standard
Inv892,I2,sc11,198,500,shipped,standard
Inv893,I3,sc11,312,750,shipped,standard
Inv894,I4,sc11,403,1000,shipped,standard
Inv895,I5,sc11,205,500,shipped,standard
Inv896,I6,sc11,295,750,shipped,standard
Inv897,I7,sc11,402,1000,shipped,standard
Inv898,I8,sc11,12,12,pending,standard
Inv899,I9,sc11,5,0,n/a,standard
Inv900,I10,sc11,2,0,n/a,standard
Inv901,I11,sc11,1,0,n/a,standard
Inv902,I12,sc11,1,0,n/a,standard
Inv903,I13,sc11,1,0,n/a,standard
Inv904,I14,sc11,425,1500,shipped,standard
Inv905,I15,sc11,490,1000,shipped,standard
Inv906,I16,sc11,739,1000,shipped,standard
Inv907,I17,sc11,52,100,shipped,standard
Inv908,I18,sc11,10,18,shipped,standard
Inv909,I19,sc11,7,12,shipped,standard
Inv910,I20,sc11,12,25,shipped,standard
Inv911,I21,sc11,8,12,shipped,standard
Inv912,I22,sc11,3,6,shipped,standard
Inv913,I23,sc11,1,0,n/a,standard
Inv914,I24,sc11,1,2,shipped,standard
Inv915,I25,sc11,2,4,shipped,standard
Inv916,I26,sc11,1,2,shipped,standard
Inv917,I27,sc11,1,2,shipped,standard
Inv918,I28,sc11,1,3,shipped,standard
Inv919,I29,sc11,1,2,shipped,standard
Inv920,I30,sc11,1,2,shipped,standard
Inv921,I31,sc11,1,2,shipped,standard
Inv922,I32,sc11,1,2,shipped,standard
Inv923,I33,sc11,1,2,shipped,standard
Inv924,I34,sc11,6,12,shipped,standard
Inv925,I35,sc11,7,12,shipped,standard
Inv926,I36,sc11,2,6,shipped,standard
Inv927,I37,sc11,2,6,shipped,standard
Inv928,I38,sc11,3,6,shipped,standard
Inv929,I39,sc11,1,2,shipped,standard
Inv930,I40,sc11,4,6,shipped,standard
Inv931,I41,sc11,4,6,confirmed,standard
Inv932,I42,sc11,2,4,confirmed,cold
Inv933,I43,sc11,2,4,confirmed,cold
Inv934,I44,sc11,2,2,shipped,standard
Inv935,I45,sc11,6,12,shipped,standard
Inv936,I46,sc11,3,10,confirmed,standard
Inv937,I47,sc11,3,6,confirmed,cold
Inv938,I48,sc11,2,6,confirmed,cold
Inv939,I49,sc11,3,6,confirmed,cold
Inv940,I50,sc11,2,12,confirmed,cold
Inv941,I51,sc11,2,12,confirmed,cold
Inv942,I52,sc11,3,12,confirmed,cold
Inv943,I53,sc11,4,12,confirmed,cold
Inv944,I54,sc11,3,12,confirmed,cold
Inv945,I55,sc11,5,12,confirmed,cold
Inv946,I56,sc11,2,12,confirmed,cold
Inv947,I57,sc11,2,6,shipped,standard
Inv948,I58,sc11,2,12,confirmed,cold
Inv949,I59,sc11,5,12,confirmed,cold
Inv950,I60,sc11,4,12,confirmed,cold
Inv951,I61,sc11,1,4,shipped,standard
Inv952,I62,sc11,2,4,confirmed,standard
Inv953,I63,sc11,2,6,shipped,standard
Inv954,I64,sc11,2,6,shipped,standard
Inv955,I65,sc11,2,6,shipped,standard
Inv956,I66,sc11,3,8,confirmed,standard
Inv957,I67,sc11,2,6,shipped,standard
Inv958,I68,sc11,1,4,confirmed,standard
Inv959,I69,sc11,12,25,confirmed,cold
Inv960,I70,sc11,12,25,confirmed,cold
Inv961,I71,sc11,12,25,confirmed,cold
Inv962,I72,sc11,3,12,confirmed,cold
Inv963,I73,sc11,3,8,confirmed,cold
Inv964,I74,sc11,3,12,confirmed,cold
Inv965,I75,sc11,3,12,confirmed,cold
Inv966,I76,sc11,3,12,confirmed,cold
Inv967,I77,sc11,3,12,shipped,standard
Inv968,I78,sc11,3,12,shipped,standard
Inv969,I79,sc11,3,12,shipped,standard
Inv970,I80,sc11,3,12,shipped,standard
Inv971,I81,sc11,3,12,shipped,standard
Inv972,I82,sc11,13,25,shipped,standard
Inv973,I83,sc11,7,24,shipped,standard
Inv974,I84,sc11,2,8,shipped,standard
Inv975,I85,sc11,3,12,shipped,standard
Inv976,I86,sc11,4,6,shipped,standard
Inv977,I87,sc11,2,4,shipped,standard
Inv978,I88,sc11,2,4,shipped,standard
Inv979,I89,sc11,3,12,confirmed,cold
Inv980,I1,sc12,285,750,shipped,standard
Inv981,I2,sc12,198,750,shipped,standard
Inv982,I3,sc12,312,1000,shipped,standard
Inv983,I4,sc12,403,1500,shipped,standard
Inv984,I5,sc12,205,750,shipped,standard
Inv985,I6,sc12,295,1000,shipped,standard
Inv986,I7,sc12,402,1500,shipped,standard
Inv987,I8,sc12,12,12,pending,standard
Inv988,I9,sc12,5,0,n/a,standard
Inv989,I10,sc12,2,0,n/a,standard
Inv990,I11,sc12,1,0,n/a,standard
Inv991,I12,sc12,1,0,n/a,standard
Inv992,I13,sc12,1,0,n/a,standard
Inv993,I14,sc12,425,2000,shipped,standard
Inv994,I15,sc12,490,1500,shipped,standard
Inv995,I16,sc12,739,1500,shipped,standard
Inv996,I17,sc12,52,200,shipped,standard
Inv997,I18,sc12,10,18,shipped,standard
Inv998,I19,sc12,7,12,shipped,standard
Inv999,I20,sc12,12,50,shipped,standard
Inv1000,I21,sc12,8,12,shipped,standard
Inv1001,I22,sc12,3,6,shipped,standard
Inv1002,I23,sc12,1,0,n/a,standard
Inv1003,I24,sc12,2,4,shipped,standard
Inv1004,I25,sc12,2,4,shipped,standard
Inv1005,I26,sc12,2,4,shipped,standard
Inv1006,I27,sc12,2,4,shipped,standard
Inv1007,I28,sc12,1,3,shipped,standard
Inv1008,I29,sc12,2,4,shipped,standard
Inv1009,I30,sc12,2,4,shipped,standard
Inv1010,I31,sc12,2,4,shipped,standard
Inv1011,I32,sc12,2,4,shipped,standard
Inv1012,I33,sc12,2,4,shipped,standard
Inv1013,I34,sc12,6,12,shipped,standard
Inv1014,I35,sc12,7,12,shipped,standard
Inv1015,I36,sc12,2,6,shipped,standard
Inv1016,I37,sc12,2,6,shipped,standard
Inv1017,I38,sc12,3,6,shipped,standard
Inv1018,I39,sc12,2,4,shipped,standard
Inv1019,I40,sc12,4,6,shipped,standard
Inv1020,I41,sc12,4,6,confirmed,standard
Inv1021,I42,sc12,2,4,confirmed,cold
Inv1022,I43,sc12,2,4,confirmed,cold
Inv1023,I44,sc12,2,2,shipped,standard
Inv1024,I45,sc12,6,12,shipped,standard
Inv1025,I46,sc12,3,10,confirmed,standard
Inv1026,I47,sc12,3,6,confirmed,cold
Inv1027,I48,sc12,2,6,confirmed,cold
Inv1028,I49,sc12,3,6,confirmed,cold
Inv1029,I50,sc12,2,12,confirmed,cold
Inv1030,I51,sc12,2,12,confirmed,cold
Inv1031,I52,sc12,3,12,confirmed,cold
Inv1032,I53,sc12,4,12,confirmed,cold
Inv1033,I54,sc12,3,12,confirmed,cold
Inv1034,I55,sc12,5,12,confirmed,cold
Inv1035,I56,sc12,2,12,confirmed,cold
Inv1036,I57,sc12,2,6,shipped,standard
Inv1037,I58,sc12,2,12,confirmed,cold
Inv1038,I59,sc12,5,12,confirmed,cold
Inv1039,I60,sc12,4,12,confirmed,cold
Inv1040,I61,sc12,1,4,shipped,standard
Inv1041,I62,sc12,2,4,confirmed,standard
Inv1042,I63,sc12,2,6,shipped,standard
Inv1043,I64,sc12,2,6,shipped,standard
Inv1044,I65,sc12,2,6,shipped,standard
Inv1045,I66,sc12,3,8,confirmed,standard
Inv1046,I67,sc12,2,6,shipped,standard
Inv1047,I68,sc12,1,4,confirmed,standard
Inv1048,I69,sc12,12,50,confirmed,cold
Inv1049,I70,sc12,12,50,confirmed,cold
Inv1050,I71,sc12,12,50,confirmed,cold
Inv1051,I72,sc12,3,12,confirmed,cold
Inv1052,I73,sc12,3,8,confirmed,cold
Inv1053,I74,sc12,3,12,confirmed,cold
Inv1054,I75,sc12,3,12,confirmed,cold
Inv1055,I76,sc12,3,12,confirmed,cold
Inv1056,I77,sc12,3,12,shipped,standard
Inv1057,I78,sc12,3,12,shipped,standard
Inv1058,I79,sc12,3,12,shipped,standard
Inv1059,I80,sc12,3,12,shipped,standard
Inv1060,I81,sc12,3,12,shipped,standard
Inv1061,I82,sc12,13,50,shipped,standard
Inv1062,I83,sc12,7,36,shipped,standard
Inv1063,I84,sc12,2,8,shipped,standard
Inv1064,I85,sc12,3,12,shipped,standard
Inv1065,I86,sc12,4,6,shipped,standard
Inv1066,I87,sc12,2,4,shipped,standard
Inv1067,I88,sc12,2,4,shipped,standard
Inv1068,I89,sc12,3,12,confirmed,cold
Inv1069,I1,sc13,285,750,shipped,standard
Inv1070,I2,sc13,198,750,shipped,standard
Inv1071,I3,sc13,312,1000,shipped,standard
Inv1072,I4,sc13,403,1500,shipped,standard
Inv1073,I5,sc13,205,750,shipped,standard
Inv1074,I6,sc13,295,1000,shipped,standard
Inv1075,I7,sc13,402,1500,shipped,standard
Inv1076,I8,sc13,12,12,pending,standard
Inv1077,I9,sc13,5,0,n/a,standard
Inv1078,I10,sc13,2,0,n/a,standard
Inv1079,I11,sc13,1,0,n/a,standard
Inv1080,I12,sc13,1,0,n/a,standard
Inv1081,I13,sc13,1,0,n/a,standard
Inv1082,I14,sc13,425,2000,shipped,standard
Inv1083,I15,sc13,490,1500,shipped,standard
Inv1084,I16,sc13,739,1500,shipped,standard
Inv1085,I17,sc13,52,200,shipped,standard
Inv1086,I18,sc13,10,18,shipped,standard
Inv1087,I19,sc13,7,12,shipped,standard
Inv1088,I20,sc13,12,50,shipped,standard
Inv1089,I21,sc13,8,12,shipped,standard
Inv1090,I22,sc13,3,6,shipped,standard
Inv1091,I23,sc13,1,0,n/a,standard
Inv1092,I24,sc13,2,4,shipped,standard
Inv1093,I25,sc13,2,4,shipped,standard
Inv1094,I26,sc13,2,4,shipped,standard
Inv1095,I27,sc13,2,4,shipped,standard
Inv1096,I28,sc13,1,3,shipped,standard
Inv1097,I29,sc13,2,4,shipped,standard
Inv1098,I30,sc13,2,4,shipped,standard
Inv1099,I31,sc13,2,4,shipped,standard
Inv1100,I32,sc13,2,4,shipped,standard
Inv1101,I33,sc13,2,4,shipped,standard
Inv1102,I34,sc13,6,12,shipped,standard
Inv1103,I35,sc13,7,12,shipped,standard
Inv1104,I36,sc13,2,6,shipped,standard
Inv1105,I37,sc13,2,6,shipped,standard
Inv1106,I38,sc13,3,6,shipped,standard
Inv1107,I39,sc13,2,4,shipped,standard
Inv1108,I40,sc13,4,6,shipped,standard
Inv1109,I41,sc13,4,6,confirmed,standard
Inv1110,I42,sc13,2,4,confirmed,cold
Inv1111,I43,sc13,2,4,confirmed,cold
Inv1112,I44,sc13,2,2,shipped,standard
Inv1113,I45,sc13,6,12,shipped,standard
Inv1114,I46,sc13,3,10,confirmed,standard
Inv1115,I47,sc13,3,6,confirmed,cold
Inv1116,I48,sc13,2,6,confirmed,cold
Inv1117,I49,sc13,3,6,confirmed,cold
Inv1118,I50,sc13,2,12,confirmed,cold
Inv1119,I51,sc13,2,12,confirmed,cold
Inv1120,I52,sc13,3,12,confirmed,cold
Inv1121,I53,sc13,4,12,confirmed,cold
Inv1122,I54,sc13,3,12,confirmed,cold
Inv1123,I55,sc13,5,12,confirmed,cold
Inv1124,I56,sc13,2,12,confirmed,cold
Inv1125,I57,sc13,2,6,shipped,standard
Inv1126,I58,sc13,2,12,confirmed,cold
Inv1127,I59,sc13,5,12,confirmed,cold
Inv1128,I60,sc13,4,12,confirmed,cold
Inv1129,I61,sc13,1,4,shipped,standard
Inv1130,I62,sc13,2,4,confirmed,standard
Inv1131,I63,sc13,2,6,shipped,standard
Inv1132,I64,sc13,2,6,shipped,standard
Inv1133,I65,sc13,2,6,shipped,standard
Inv1134,I66,sc13,3,8,confirmed,standard
Inv1135,I67,sc13,2,6,shipped,standard
Inv1136,I68,sc13,1,4,confirmed,standard
Inv1137,I69,sc13,12,50,confirmed,cold
Inv1138,I70,sc13,12,50,confirmed,cold
Inv1139,I71,sc13,12,50,confirmed,cold
Inv1140,I72,sc13,3,12,confirmed,cold
Inv1141,I73,sc13,3,8,confirmed,cold
Inv1142,I74,sc13,3,12,confirmed,cold
Inv1143,I75,sc13,3,12,confirmed,cold
Inv1144,I76,sc13,3,12,confirmed,cold
Inv1145,I77,sc13,3,12,shipped,standard
Inv1146,I78,sc13,3,12,shipped,standard
Inv1147,I79,sc13,3,12,shipped,standard
Inv1148,I80,sc13,3,12,shipped,standard
Inv1149,I81,sc13,3,12,shipped,standard
Inv1150,I82,sc13,13,50,shipped,standard
Inv1151,I83,sc13,7,36,shipped,standard
Inv1152,I84,sc13,2,8,shipped,standard
Inv1153,I85,sc13,3,12,shipped,standard
Inv1154,I86,sc13,4,6,shipped,standard
Inv1155,I87,sc13,2,4,shipped,standard
Inv1156,I88,sc13,2,4,shipped,standard
Inv1157,I89,sc13,3,12,confirmed,cold
Inv1158,I1,sc14,285,500,shipped,standard
Inv1159,I2,sc14,198,500,shipped,standard
Inv1160,I3,sc14,312,750,shipped,standard
Inv1161,I4,sc14,403,1000,shipped,standard
Inv1162,I5,sc14,205,500,shipped,standard
Inv1163,I6,sc14,295,750,shipped,standard
Inv1164,I7,sc14,402,1000,shipped,standard
Inv1165,I8,sc14,12,12,pending,standard
Inv1166,I9,sc14,5,0,n/a,standard
Inv1167,I10,sc14,2,0,n/a,standard
Inv1168,I11,sc14,1,0,n/a,standard
Inv1169,I12,sc14,1,0,n/a,standard
Inv1170,I13,sc14,1,0,n/a,standard
Inv1171,I14,sc14,425,1500,shipped,standard
Inv1172,I15,sc14,490,1000,shipped,standard
Inv1173,I16,sc14,739,1000,shipped,standard
Inv1174,I17,sc14,52,100,shipped,standard
Inv1175,I18,sc14,10,18,shipped,standard
Inv1176,I19,sc14,7,12,shipped,standard
Inv1177,I20,sc14,12,25,shipped,standard
Inv1178,I21,sc14,8,12,shipped,standard
Inv1179,I22,sc14,3,6,shipped,standard
Inv1180,I23,sc14,1,0,n/a,standard
Inv1181,I24,sc14,1,2,shipped,standard
Inv1182,I25,sc14,2,4,shipped,standard
Inv1183,I26,sc14,1,2,shipped,standard
Inv1184,I27,sc14,1,2,shipped,standard
Inv1185,I28,sc14,1,3,shipped,standard
Inv1186,I29,sc14,1,2,shipped,standard
Inv1187,I30,sc14,1,2,shipped,standard
Inv1188,I31,sc14,1,2,shipped,standard
Inv1189,I32,sc14,1,2,shipped,standard
Inv1190,I33,sc14,1,2,shipped,standard
Inv1191,I34,sc14,6,12,shipped,standard
Inv1192,I35,sc14,7,12,shipped,standard
Inv1193,I36,sc14,2,6,shipped,standard
Inv1194,I37,sc14,2,6,shipped,standard
Inv1195,I38,sc14,3,6,shipped,standard
Inv1196,I39,sc14,1,2,shipped,standard
Inv1197,I40,sc14,4,6,shipped,standard
Inv1198,I41,sc14,4,6,confirmed,standard
Inv1199,I42,sc14,2,4,confirmed,cold
Inv1200,I43,sc14,2,4,confirmed,cold
Inv1201,I44,sc14,2,2,shipped,standard
Inv1202,I45,sc14,6,12,shipped,standard
Inv1203,I46,sc14,3,10,confirmed,standard
Inv1204,I47,sc14,3,6,confirmed,cold
Inv1205,I48,sc14,2,6,confirmed,cold
Inv1206,I49,sc14,3,6,confirmed,cold
Inv1207,I50,sc14,2,12,confirmed,cold
Inv1208,I51,sc14,2,12,confirmed,cold
Inv1209,I52,sc14,3,12,confirmed,cold
Inv1210,I53,sc14,4,12,confirmed,cold
Inv1211,I54,sc14,3,12,confirmed,cold
Inv1212,I55,sc14,5,12,confirmed,cold
Inv1213,I56,sc14,2,12,confirmed,cold
Inv1214,I57,sc14,2,6,shipped,standard
Inv1215,I58,sc14,2,12,confirmed,cold
Inv1216,I59,sc14,5,12,confirmed,cold
Inv1217,I60,sc14,4,12,confirmed,cold
Inv1218,I61,sc14,1,4,shipped,standard
Inv1219,I62,sc14,2,4,confirmed,standard
Inv1220,I63,sc14,2,6,shipped,standard
Inv1221,I64,sc14,2,6,shipped,standard
Inv1222,I65,sc14,2,6,shipped,standard
Inv1223,I66,sc14,3,8,confirmed,standard
Inv1224,I67,sc14,2,6,shipped,standard
Inv1225,I68,sc14,1,4,confirmed,standard
Inv1226,I69,sc14,12,25,confirmed,cold
Inv1227,I70,sc14,12,25,confirmed,cold
Inv1228,I71,sc14,12,25,confirmed,cold
Inv1229,I72,sc14,3,12,confirmed,cold
Inv1230,I73,sc14,3,8,confirmed,cold
Inv1231,I74,sc14,3,12,confirmed,cold
Inv1232,I75,sc14,3,12,confirmed,cold
Inv1233,I76,sc14,3,12,confirmed,cold
Inv1234,I77,sc14,3,12,shipped,standard
Inv1235,I78,sc14,3,12,shipped,standard
Inv1236,I79,sc14,3,12,shipped,standard
Inv1237,I80,sc14,3,12,shipped,standard
Inv1238,I81,sc14,3,12,shipped,standard
Inv1239,I82,sc14,13,25,shipped,standard
Inv1240,I83,sc14,7,24,shipped,standard
Inv1241,I84,sc14,2,8,shipped,standard
Inv1242,I85,sc14,3,12,shipped,standard
Inv1243,I86,sc14,4,6,shipped,standard
Inv1244,I87,sc14,2,4,shipped,standard
Inv1245,I88,sc14,2,4,shipped,standard
Inv1246,I89,sc14,3,12,confirmed,cold
Inv1247,I1,sc15,285,750,shipped,standard
Inv1248,I2,sc15,198,750,shipped,standard
Inv1249,I3,sc15,312,1000,shipped,standard
Inv1250,I4,sc15,403,1500,shipped,standard
Inv1251,I5,sc15,205,750,shipped,standard
Inv1252,I6,sc15,295,1000,shipped,standard
Inv1253,I7,sc15,402,1500,shipped,standard
Inv1254,I8,sc15,12,12,pending,standard
Inv1255,I9,sc15,5,0,n/a,standard
Inv1256,I10,sc15,2,0,n/a,standard
Inv1257,I11,sc15,1,0,n/a,standard
Inv1258,I12,sc15,1,0,n/a,standard
Inv1259,I13,sc15,1,0,n/a,standard
Inv1260,I14,sc15,425,2000,shipped,standard
Inv1261,I15,sc15,490,2000,shipped,standard
Inv1262,I16,sc15,739,1500,shipped,standard
Inv1263,I17,sc15,52,200,shipped,standard
Inv1264,I18,sc15,10,18,shipped,standard
Inv1265,I19,sc15,7,12,shipped,standard
Inv1266,I20,sc15,12,50,shipped,standard
Inv1267,I21,sc15,8,12,shipped,standard
Inv1268,I22,sc15,3,6,shipped,standard
Inv1269,I23,sc15,1,0,n/a,standard
Inv1270,I24,sc15,2,4,shipped,standard
Inv1271,I25,sc15,2,4,shipped,standard
Inv1272,I26,sc15,2,4,shipped,standard
Inv1273,I27,sc15,2,4,shipped,standard
Inv1274,I28,sc15,1,3,shipped,standard
Inv1275,I29,sc15,2,4,shipped,standard
Inv1276,I30,sc15,2,4,shipped,standard
Inv1277,I31,sc15,2,4,shipped,standard
Inv1278,I32,sc15,2,4,shipped,standard
Inv1279,I33,sc15,2,4,shipped,standard
Inv1280,I34,sc15,6,12,shipped,standard
Inv1281,I35,sc15,7,12,shipped,standard
Inv1282,I36,sc15,2,6,shipped,standard
Inv1283,I37,sc15,2,6,shipped,standard
Inv1284,I38,sc15,3,6,shipped,standard
Inv1285,I39,sc15,2,4,shipped,standard
Inv1286,I40,sc15,4,6,shipped,standard
Inv1287,I41,sc15,4,6,confirmed,standard
Inv1288,I42,sc15,2,4,confirmed,cold
Inv1289,I43,sc15,2,4,confirmed,cold
Inv1290,I44,sc15,2,2,shipped,standard
Inv1291,I45,sc15,6,12,shipped,standard
Inv1292,I46,sc15,3,10,confirmed,standard
Inv1293,I47,sc15,3,6,confirmed,cold
Inv1294,I48,sc15,2,6,confirmed,cold
Inv1295,I49,sc15,3,6,confirmed,cold
Inv1296,I50,sc15,2,12,confirmed,cold
Inv1297,I51,sc15,2,12,confirmed,cold
Inv1298,I52,sc15,3,12,confirmed,cold
Inv1299,I53,sc15,4,12,confirmed,cold
Inv1300,I54,sc15,3,12,confirmed,cold
Inv1301,I55,sc15,5,12,confirmed,cold
Inv1302,I56,sc15,2,12,confirmed,cold
Inv1303,I57,sc15,2,6,shipped,standard
Inv1304,I58,sc15,2,12,confirmed,cold
Inv1305,I59,sc15,5,12,confirmed,cold
Inv1306,I60,sc15,4,12,confirmed,cold
Inv1307,I61,sc15,1,4,shipped,standard
Inv1308,I62,sc15,2,4,confirmed,standard
Inv1309,I63,sc15,2,6,shipped,standard
Inv1310,I64,sc15,2,6,shipped,standard
Inv1311,I65,sc15,2,6,shipped,standard
Inv1312,I66,sc15,3,8,confirmed,standard
Inv1313,I67,sc15,2,6,shipped,standard
Inv1314,I68,sc15,1,4,confirmed,standard
Inv1315,I69,sc15,12,50,confirmed,cold
Inv1316,I70,sc15,12,50,confirmed,cold
Inv1317,I71,sc15,12,50,confirmed,cold
Inv1318,I72,sc15,3,12,confirmed,cold
Inv1319,I73,sc15,3,8,confirmed,cold
Inv1320,I74,sc15,3,12,confirmed,cold
Inv1321,I75,sc15,3,12,confirmed,cold
Inv1322,I76,sc15,3,12,confirmed,cold
Inv1323,I77,sc15,3,12,shipped,standard
Inv1324,I78,sc15,3,12,shipped,standard
Inv1325,I79,sc15,3,12,shipped,standard
Inv1326,I80,sc15,3,12,shipped,standard
Inv1327,I81,sc15,3,12,shipped,standard
Inv1328,I82,sc15,13,50,shipped,standard
Inv1329,I83,sc15,7,36,shipped,standard
Inv1330,I84,sc15,2,8,shipped,standard
Inv1331,I85,sc15,3,12,shipped,standard
Inv1332,I86,sc15,4,6,shipped,standard
Inv1333,I87,sc15,2,4,shipped,standard
Inv1334,I88,sc15,2,4,shipped,standard
Inv1335,I89,sc15,3,12,confirmed,cold
Inv1336,I1,sc16,285,500,shipped,standard
Inv1337,I2,sc16,198,500,shipped,standard
Inv1338,I3,sc16,312,750,shipped,standard
Inv1339,I4,sc16,403,1000,shipped,standard
Inv1340,I5,sc16,205,500,shipped,standard
Inv1341,I6,sc16,295,750,shipped,standard
Inv1342,I7,sc16,402,1000,shipped,standard
Inv1343,I8,sc16,12,12,pending,standard
Inv1344,I9,sc16,5,0,n/a,standard
Inv1345,I10,sc16,2,0,n/a,standard
Inv1346,I11,sc16,1,0,n/a,standard
Inv1347,I12,sc16,1,0,n/a,standard
Inv1348,I13,sc16,1,0,n/a,standard
Inv1349,I14,sc16,425,1500,shipped,standard
Inv1350,I15,sc16,490,1000,shipped,standard
Inv1351,I16,sc16,739,1000,shipped,standard
Inv1352,I17,sc16,52,100,shipped,standard
Inv1353,I18,sc16,10,18,shipped,standard
Inv1354,I19,sc16,7,12,shipped,standard
Inv1355,I20,sc16,12,25,shipped,standard
Inv1356,I21,sc16,8,12,shipped,standard
Inv1357,I22,sc16,3,6,shipped,standard
Inv1358,I23,sc16,1,0,n/a,standard
Inv1359,I24,sc16,1,2,shipped,standard
Inv1360,I25,sc16,2,4,shipped,standard
Inv1361,I26,sc16,1,2,shipped,standard
Inv1362,I27,sc16,1,2,shipped,standard
Inv1363,I28,sc16,1,3,shipped,standard
Inv1364,I29,sc16,1,2,shipped,standard
Inv1365,I30,sc16,1,2,shipped,standard
Inv1366,I31,sc16,1,2,shipped,standard
Inv1367,I32,sc16,1,2,shipped,standard
Inv1368,I33,sc16,1,2,shipped,standard
Inv1369,I34,sc16,6,12,shipped,standard
Inv1370,I35,sc16,7,12,shipped,standard
Inv1371,I36,sc16,2,6,shipped,standard
Inv1372,I37,sc16,2,6,shipped,standard
Inv1373,I38,sc16,3,6,shipped,standard
Inv1374,I39,sc16,1,2,shipped,standard
Inv1375,I40,sc16,4,6,shipped,standard
Inv1376,I41,sc16,4,6,confirmed,standard
Inv1377,I42,sc16,2,4,confirmed,cold
Inv1378,I43,sc16,2,4,confirmed,cold
Inv1379,I44,sc16,2,2,shipped,standard
Inv1380,I45,sc16,6,12,shipped,standard
Inv1381,I46,sc16,3,10,confirmed,standard
Inv1382,I47,sc16,3,6,confirmed,cold
Inv1383,I48,sc16,2,6,confirmed,cold
Inv1384,I49,sc16,3,6,confirmed,cold
Inv1385,I50,sc16,2,12,confirmed,cold
Inv1386,I51,sc16,2,12,confirmed,cold
Inv1387,I52,sc16,3,12,confirmed,cold
Inv1388,I53,sc16,4,12,confirmed,cold
Inv1389,I54,sc16,3,12,confirmed,cold
Inv1390,I55,sc16,5,12,confirmed,cold
Inv1391,I56,sc16,2,12,confirmed,cold
Inv1392,I57,sc16,2,6,shipped,standard
Inv1393,I58,sc16,2,12,confirmed,cold
Inv1394,I59,sc16,5,12,confirmed,cold
Inv1395,I60,sc16,4,12,confirmed,cold
Inv1396,I61,sc16,1,4,shipped,standard
Inv1397,I62,sc16,2,4,confirmed,standard
Inv1398,I63,sc16,2,6,shipped,standard
Inv1399,I64,sc16,2,6,shipped,standard
Inv1400,I65,sc16,2,6,shipped,standard
Inv1401,I66,sc16,3,8,confirmed,standard
Inv1402,I67,sc16,2,6,shipped,standard
Inv1403,I68,sc16,1,4,confirmed,standard
Inv1404,I69,sc16,12,25,confirmed,cold
Inv1405,I70,sc16,12,25,confirmed,cold
Inv1406,I71,sc16,12,25,confirmed,cold
Inv1407,I72,sc16,3,12,confirmed,cold
Inv1408,I73,sc16,3,8,confirmed,cold
Inv1409,I74,sc16,3,12,confirmed,cold
Inv1410,I75,sc16,3,12,confirmed,cold
Inv1411,I76,sc16,3,12,confirmed,cold
Inv1412,I77,sc16,3,12,shipped,standard
Inv1413,I78,sc16,3,12,shipped,standard
Inv1414,I79,sc16,3,12,shipped,standard
Inv1415,I80,sc16,3,12,shipped,standard
Inv1416,I81,sc16,3,12,shipped,standard
Inv1417,I82,sc16,13,25,shipped,standard
Inv1418,I83,sc16,7,24,shipped,standard
Inv1419,I84,sc16,2,8,shipped,standard
Inv1420,I85,sc16,3,12,shipped,standard
Inv1421,I86,sc16,4,6,shipped,standard
Inv1422,I87,sc16,2,4,shipped,standard
Inv1423,I88,sc16,2,4,shipped,standard
Inv1424,I89,sc16,3,12,confirmed,cold
Inv1425,I1,sc17,285,750,shipped,standard
Inv1426,I2,sc17,198,750,shipped,standard
Inv1427,I3,sc17,312,1000,shipped,standard
Inv1428,I4,sc17,403,1500,shipped,standard
Inv1429,I5,sc17,205,750,shipped,standard
Inv1430,I6,sc17,295,1000,shipped,standard
Inv1431,I7,sc17,402,1500,shipped,standard
Inv1432,I8,sc17,12,12,pending,standard
Inv1433,I9,sc17,5,0,n/a,standard
Inv1434,I10,sc17,2,0,n/a,standard
Inv1435,I11,sc17,1,0,n/a,standard
Inv1436,I12,sc17,1,0,n/a,standard
Inv1437,I13,sc17,1,0,n/a,standard
Inv1438,I14,sc17,425,2000,shipped,standard
Inv1439,I15,sc17,490,1500,shipped,standard
Inv1440,I16,sc17,739,1500,shipped,standard
Inv1441,I17,sc17,52,200,shipped,standard
Inv1442,I18,sc17,10,18,shipped,standard
Inv1443,I19,sc17,7,12,shipped,standard
Inv1444,I20,sc17,12,50,shipped,standard
Inv1445,I21,sc17,8,12,shipped,standard
Inv1446,I22,sc17,3,6,shipped,standard
Inv1447,I23,sc17,1,0,n/a,standard
Inv1448,I24,sc17,2,4,shipped,standard
Inv1449,I25,sc17,2,4,shipped,standard
Inv1450,I26,sc17,2,4,shipped,standard
Inv1451,I27,sc17,2,4,shipped,standard
Inv1452,I28,sc17,1,3,shipped,standard
Inv1453,I29,sc17,2,4,shipped,standard
Inv1454,I30,sc17,2,4,shipped,standard
Inv1455,I31,sc17,2,4,shipped,standard
Inv1456,I32,sc17,2,4,shipped,standard
Inv1457,I33,sc17,2,4,shipped,standard
Inv1458,I34,sc17,6,12,shipped,standard
Inv1459,I35,sc17,7,12,shipped,standard
Inv1460,I36,sc17,2,6,shipped,standard
Inv1461,I37,sc17,2,6,shipped,standard
Inv1462,I38,sc17,3,6,shipped,standard
Inv1463,I39,sc17,2,4,shipped,standard
Inv1464,I40,sc17,4,6,shipped,standard
Inv1465,I41,sc17,4,6,confirmed,standard
Inv1466,I42,sc17,2,4,confirmed,cold
Inv1467,I43,sc17,2,4,confirmed,cold
Inv1468,I44,sc17,2,2,shipped,standard
Inv1469,I45,sc17,6,12,shipped,standard
Inv1470,I46,sc17,3,10,confirmed,standard
Inv1471,I47,sc17,3,6,confirmed,cold
Inv1472,I48,sc17,2,6,confirmed,cold
Inv1473,I49,sc17,3,6,confirmed,cold
Inv1474,I50,sc17,2,12,confirmed,cold
Inv1475,I51,sc17,2,12,confirmed,cold
Inv1476,I52,sc17,3,12,confirmed,cold
Inv1477,I53,sc17,4,12,confirmed,cold
Inv1478,I54,sc17,3,12,confirmed,cold
Inv1479,I55,sc17,5,12,confirmed,cold
Inv1480,I56,sc17,2,12,confirmed,cold
Inv1481,I57,sc17,2,6,shipped,standard
Inv1482,I58,sc17,2,12,confirmed,cold
Inv1483,I59,sc17,5,12,confirmed,cold
Inv1484,I60,sc17,4,12,confirmed,cold
Inv1485,I61,sc17,1,4,shipped,standard
Inv1486,I62,sc17,2,4,confirmed,standard
Inv1487,I63,sc17,2,6,shipped,standard
Inv1488,I64,sc17,2,6,shipped,standard
Inv1489,I65,sc17,2,6,shipped,standard
Inv1490,I66,sc17,3,8,confirmed,standard
Inv1491,I67,sc17,2,6,shipped,standard
Inv1492,I68,sc17,1,4,confirmed,standard
Inv1493,I69,sc17,12,50,confirmed,cold
Inv1494,I70,sc17,12,50,confirmed,cold
Inv1495,I71,sc17,12,50,confirmed,cold
Inv1496,I72,sc17,3,12,confirmed,cold
Inv1497,I73,sc17,3,8,confirmed,cold
Inv1498,I74,sc17,3,12,confirmed,cold
Inv1499,I75,sc17,3,12,confirmed,cold
Inv1500,I76,sc17,3,12,confirmed,cold
Inv1501,I77,sc17,3,12,shipped,standard
Inv1502,I78,sc17,3,12,shipped,standard
Inv1503,I79,sc17,3,12,shipped,standard
Inv1504,I80,sc17,3,12,shipped,standard
Inv1505,I81,sc17,3,12,shipped,standard
Inv1506,I82,sc17,13,50,shipped,standard
Inv1507,I83,sc17,7,36,shipped,standard
Inv1508,I84,sc17,2,8,shipped,standard
Inv1509,I85,sc17,3,12,shipped,standard
Inv1510,I86,sc17,4,6,shipped,standard
Inv1511,I87,sc17,2,4,shipped,standard
Inv1512,I88,sc17,2,4,shipped,standard
Inv1513,I89,sc17,3,12,confirmed,cold
Inv1514,I1,sc18,285,750,shipped,standard
Inv1515,I2,sc18,198,750,shipped,standard
Inv1516,I3,sc18,312,1000,shipped,standard
Inv1517,I4,sc18,403,1500,shipped,standard
Inv1518,I5,sc18,205,750,shipped,standard
Inv1519,I6,sc18,295,1000,shipped,standard
Inv1520,I7,sc18,402,1500,shipped,standard
Inv1521,I8,sc18,12,12,pending,standard
Inv1522,I9,sc18,5,0,n/a,standard
Inv1523,I10,sc18,2,0,n/a,standard
Inv1524,I11,sc18,1,0,n/a,standard
Inv1525,I12,sc18,1,0,n/a,standard
Inv1526,I13,sc18,1,0,n/a,standard
Inv1527,I14,sc18,425,2000,shipped,standard
Inv1528,I15,sc18,490,1500,shipped,standard
Inv1529,I16,sc18,739,1500,shipped,standard
Inv1530,I17,sc18,52,200,shipped,standard
Inv1531,I18,sc18,10,18,shipped,standard
Inv1532,I19,sc18,7,12,shipped,standard
Inv1533,I20,sc18,12,50,shipped,standard
Inv1534,I21,sc18,8,12,shipped,standard
Inv1535,I22,sc18,3,6,shipped,standard
Inv1536,I23,sc18,1,0,n/a,standard
Inv1537,I24,sc18,2,4,shipped,standard
Inv1538,I25,sc18,2,4,shipped,standard
Inv1539,I26,sc18,2,4,shipped,standard
Inv1540,I27,sc18,2,4,shipped,standard
Inv1541,I28,sc18,1,3,shipped,standard
Inv1542,I29,sc18,2,4,shipped,standard
Inv1543,I30,sc18,2,4,shipped,standard
Inv1544,I31,sc18,2,4,shipped,standard
Inv1545,I32,sc18,2,4,shipped,standard
Inv1546,I33,sc18,2,4,shipped,standard
Inv1547,I34,sc18,6,12,shipped,standard
Inv1548,I35,sc18,7,12,shipped,standard
Inv1549,I36,sc18,2,6,shipped,standard
Inv1550,I37,sc18,2,6,shipped,standard
Inv1551,I38,sc18,3,6,shipped,standard
Inv1552,I39,sc18,2,4,shipped,standard
Inv1553,I40,sc18,4,6,shipped,standard
Inv1554,I41,sc18,4,6,confirmed,standard
Inv1555,I42,sc18,2,4,confirmed,cold
Inv1556,I43,sc18,2,4,confirmed,cold
Inv1557,I44,sc18,2,2,shipped,standard
Inv1558,I45,sc18,6,12,shipped,standard
Inv1559,I46,sc18,3,10,confirmed,standard
Inv1560,I47,sc18,3,6,confirmed,cold
Inv1561,I48,sc18,2,6,confirmed,cold
Inv1562,I49,sc18,3,6,confirmed,cold
Inv1563,I50,sc18,2,12,confirmed,cold
Inv1564,I51,sc18,2,12,confirmed,cold
Inv1565,I52,sc18,3,12,confirmed,cold
Inv1566,I53,sc18,4,12,confirmed,cold
Inv1567,I54,sc18,3,12,confirmed,cold
Inv1568,I55,sc18,5,12,confirmed,cold
Inv1569,I56,sc18,2,12,confirmed,cold
Inv1570,I57,sc18,2,6,shipped,standard
Inv1571,I58,sc18,2,12,confirmed,cold
Inv1572,I59,sc18,5,12,confirmed,cold
Inv1573,I60,sc18,4,12,confirmed,cold
Inv1574,I61,sc18,1,4,shipped,standard
Inv1575,I62,sc18,2,4,confirmed,standard
Inv1576,I63,sc18,2,6,shipped,standard
Inv1577,I64,sc18,2,6,shipped,standard
Inv1578,I65,sc18,2,6,shipped,standard
Inv1579,I66,sc18,3,8,confirmed,standard
Inv1580,I67,sc18,2,6,shipped,standard
Inv1581,I68,sc18,1,4,confirmed,standard
Inv1582,I69,sc18,12,50,confirmed,cold
Inv1583,I70,sc18,12,50,confirmed,cold
Inv1584,I71,sc18,12,50,confirmed,cold
Inv1585,I72,sc18,3,12,confirmed,cold
Inv1586,I73,sc18,3,8,confirmed,cold
Inv1587,I74,sc18,3,12,confirmed,cold
Inv1588,I75,sc18,3,12,confirmed,cold
Inv1589,I76,sc18,3,12,confirmed,cold
Inv1590,I77,sc18,3,12,shipped,standard
Inv1591,I78,sc18,3,12,shipped,standard
Inv1592,I79,sc18,3,12,shipped,standard
Inv1593,I80,sc18,3,12,shipped,standard
Inv1594,I81,sc18,3,12,shipped,standard
Inv1595,I82,sc18,13,50,shipped,standard
Inv1596,I83,sc18,7,36,shipped,standard
Inv1597,I84,sc18,2,8,shipped,standard
Inv1598,I85,sc18,3,12,shipped,standard
Inv1599,I86,sc18,4,6,shipped,standard
Inv1600,I87,sc18,2,4,shipped,standard
Inv1601,I88,sc18,2,4,shipped,standard
Inv1602,I89,sc18,3,12,confirmed,cold
Inv1603,I1,sc19,285,750,shipped,standard
Inv1604,I2,sc19,198,750,shipped,standard
Inv1605,I3,sc19,312,1000,shipped,standard
Inv1606,I4,sc19,403,1500,shipped,standard
Inv1607,I5,sc19,205,750,shipped,standard
Inv1608,I6,sc19,295,1000,shipped,standard
Inv1609,I7,sc19,402,1500,shipped,standard
Inv1610,I8,sc19,12,12,pending,standard
Inv1611,I9,sc19,5,0,n/a,standard
Inv1612,I10,sc19,2,0,n/a,standard
Inv1613,I11,sc19,1,0,n/a,standard
Inv1614,I12,sc19,1,0,n/a,standard
Inv1615,I13,sc19,1,0,n/a,standard
Inv1616,I14,sc19,425,2000,shipped,standard
Inv1617,I15,sc19,490,1500,shipped,standard
Inv1618,I16,sc19,739,1500,shipped,standard
Inv1619,I17,sc19,52,200,shipped,standard
Inv1620,I18,sc19,10,18,shipped,standard
Inv1621,I19,sc19,7,12,shipped,standard
Inv1622,I20,sc19,12,50,shipped,standard
Inv1623,I21,sc19,8,12,shipped,standard
Inv1624,I22,sc19,3,6,shipped,standard
Inv1625,I23,sc19,1,0,n/a,standard
Inv1626,I24,sc19,2,4,shipped,standard
Inv1627,I25,sc19,2,4,shipped,standard
Inv1628,I26,sc19,2,4,shipped,standard
Inv1629,I27,sc19,2,4,shipped,standard
Inv1630,I28,sc19,1,3,shipped,standard
Inv1631,I29,sc19,2,4,shipped,standard
Inv1632,I30,sc19,2,4,shipped,standard
Inv1633,I31,sc19,2,4,shipped,standard
Inv1634,I32,sc19,2,4,shipped,standard
Inv1635,I33,sc19,2,4,shipped,standard
Inv1636,I34,sc19,6,12,shipped,standard
Inv1637,I35,sc19,7,12,shipped,standard
Inv1638,I36,sc19,2,6,shipped,standard
Inv1639,I37,sc19,2,6,shipped,standard
Inv1640,I38,sc19,3,6,shipped,standard
Inv1641,I39,sc19,2,4,shipped,standard
Inv1642,I40,sc19,4,6,shipped,standard
Inv1643,I41,sc19,4,6,confirmed,standard
Inv1644,I42,sc19,2,4,confirmed,cold
Inv1645,I43,sc19,2,4,confirmed,cold
Inv1646,I44,sc19,2,2,shipped,standard
Inv1647,I45,sc19,6,12,shipped,standard
Inv1648,I46,sc19,3,10,confirmed,standard
Inv1649,I47,sc19,3,6,confirmed,cold
Inv1650,I48,sc19,2,6,confirmed,cold
Inv1651,I49,sc19,3,6,confirmed,cold
Inv1652,I50,sc19,2,12,confirmed,cold
Inv1653,I51,sc19,2,12,confirmed,cold
Inv1654,I52,sc19,3,12,confirmed,cold
Inv1655,I53,sc19,4,12,confirmed,cold
Inv1656,I54,sc19,3,12,confirmed,cold
Inv1657,I55,sc19,5,12,confirmed,cold
Inv1658,I56,sc19,2,12,confirmed,cold
Inv1659,I57,sc19,2,6,shipped,standard
Inv1660,I58,sc19,2,12,confirmed,cold
Inv1661,I59,sc19,5,12,confirmed,cold
Inv1662,I60,sc19,4,12,confirmed,cold
Inv1663,I61,sc19,1,4,shipped,standard
Inv1664,I62,sc19,2,4,confirmed,standard
Inv1665,I63,sc19,2,6,shipped,standard
Inv1666,I64,sc19,2,6,shipped,standard
Inv1667,I65,sc19,2,6,shipped,standard
Inv1668,I66,sc19,3,8,confirmed,standard
Inv1669,I67,sc19,2,6,shipped,standard
Inv1670,I68,sc19,1,4,confirmed,standard
Inv1671,I69,sc19,12,50,confirmed,cold
Inv1672,I70,sc19,12,50,confirmed,cold
Inv1673,I71,sc19,12,50,confirmed,cold
Inv1674,I72,sc19,3,12,confirmed,cold
Inv1675,I73,sc19,3,8,confirmed,cold
Inv1676,I74,sc19,3,12,confirmed,cold
Inv1677,I75,sc19,3,12,confirmed,cold
Inv1678,I76,sc19,3,12,confirmed,cold
Inv1679,I77,sc19,3,12,shipped,standard
Inv1680,I78,sc19,3,12,shipped,standard
Inv1681,I79,sc19,3,12,shipped,standard
Inv1682,I80,sc19,3,12,shipped,standard
Inv1683,I81,sc19,3,12,shipped,standard
Inv1684,I82,sc19,13,50,shipped,standard
Inv1685,I83,sc19,7,36,shipped,standard
Inv1686,I84,sc19,2,8,shipped,standard
Inv1687,I85,sc19,3,12,shipped,standard
Inv1688,I86,sc19,4,6,shipped,standard
Inv1689,I87,sc19,2,4,shipped,standard
Inv1690,I88,sc19,2,4,shipped,standard
Inv1691,I89,sc19,3,12,confirmed,cold
Inv1692,I1,sc20,285,500,shipped,standard
Inv1693,I2,sc20,198,500,shipped,standard
Inv1694,I3,sc20,312,750,shipped,standard
Inv1695,I4,sc20,403,1000,shipped,standard
Inv1696,I5,sc20,205,500,shipped,standard
Inv1697,I6,sc20,295,750,shipped,standard
Inv1698,I7,sc20,402,1000,shipped,standard
Inv1699,I8,sc20,12,12,pending,standard
Inv1700,I9,sc20,5,0,n/a,standard
Inv1701,I10,sc20,2,0,n/a,standard
Inv1702,I11,sc20,1,0,n/a,standard
Inv1703,I12,sc20,1,0,n/a,standard
Inv1704,I13,sc20,1,0,n/a,standard
Inv1705,I14,sc20,425,1500,shipped,standard
Inv1706,I15,sc20,490,1000,shipped,standard
Inv1707,I16,sc20,739,1000,shipped,standard
Inv1708,I17,sc20,52,100,shipped,standard
Inv1709,I18,sc20,10,18,shipped,standard
Inv1710,I19,sc20,7,12,shipped,standard
Inv1711,I20,sc20,12,25,shipped,standard
Inv1712,I21,sc20,8,12,shipped,standard
Inv1713,I22,sc20,3,6,shipped,standard
Inv1714,I23,sc20,1,0,n/a,standard
Inv1715,I24,sc20,1,2,shipped,standard
Inv1716,I25,sc20,2,4,shipped,standard
Inv1717,I26,sc20,1,2,shipped,standard
Inv1718,I27,sc20,1,2,shipped,standard
Inv1719,I28,sc20,1,3,shipped,standard
Inv1720,I29,sc20,1,2,shipped,standard
Inv1721,I30,sc20,1,2,shipped,standard
Inv1722,I31,sc20,1,2,shipped,standard
Inv1723,I32,sc20,1,2,shipped,standard
Inv1724,I33,sc20,1,2,shipped,standard
Inv1725,I34,sc20,6,12,shipped,standard
Inv1726,I35,sc20,7,12,shipped,standard
Inv1727,I36,sc20,2,6,shipped,standard
Inv1728,I37,sc20,2,6,shipped,standard
Inv1729,I38,sc20,3,6,shipped,standard
Inv1730,I39,sc20,1,2,shipped,standard
Inv1731,I40,sc20,4,6,shipped,standard
Inv1732,I41,sc20,4,6,confirmed,standard
Inv1733,I42,sc20,2,4,confirmed,cold
Inv1734,I43,sc20,2,4,confirmed,cold
Inv1735,I44,sc20,2,2,shipped,standard
Inv1736,I45,sc20,6,12,shipped,standard
Inv1737,I46,sc20,3,10,confirmed,standard
Inv1738,I47,sc20,3,6,confirmed,cold
Inv1739,I48,sc20,2,6,confirmed,cold
Inv1740,I49,sc20,3,6,confirmed,cold
Inv1741,I50,sc20,2,12,confirmed,cold
Inv1742,I51,sc20,2,12,confirmed,cold
Inv1743,I52,sc20,3,12,confirmed,cold
Inv1744,I53,sc20,4,12,confirmed,cold
Inv1745,I54,sc20,3,12,confirmed,cold
Inv1746,I55,sc20,5,12,confirmed,cold
Inv1747,I56,sc20,2,12,confirmed,cold
Inv1748,I57,sc20,2,6,shipped,standard
Inv1749,I58,sc20,2,12,confirmed,cold
Inv1750,I59,sc20,5,12,confirmed,cold
Inv1751,I60,sc20,4,12,confirmed,cold
Inv1752,I61,sc20,1,4,shipped,standard
Inv1753,I62,sc20,2,4,confirmed,standard
Inv1754,I63,sc20,2,6,shipped,standard
Inv1755,I64,sc20,2,6,shipped,standard
Inv1756,I65,sc20,2,6,shipped,standard
Inv1757,I66,sc20,3,8,confirmed,standard
Inv1758,I67,sc20,2,6,shipped,standard
Inv1759,I68,sc20,1,4,confirmed,standard
Inv1760,I69,sc20,12,25,confirmed,cold
Inv1761,I70,sc20,12,25,confirmed,cold
Inv1762,I71,sc20,12,25,confirmed,cold
Inv1763,I72,sc20,3,12,confirmed,cold
Inv1764,I73,sc20,3,8,confirmed,cold
Inv1765,I74,sc20,3,12,confirmed,cold
Inv1766,I75,sc20,3,12,confirmed,cold
Inv1767,I76,sc20,3,12,confirmed,cold
Inv1768,I77,sc20,3,12,shipped,standard
Inv1769,I78,sc20,3,12,shipped,standard
Inv1770,I79,sc20,3,12,shipped,standard
Inv1771,I80,sc20,3,12,shipped,standard
Inv1772,I81,sc20,3,12,shipped,standard
Inv1773,I82,sc20,13,25,shipped,standard
Inv1774,I83,sc20,7,24,shipped,standard
Inv1775,I84,sc20,2,8,shipped,standard
Inv1776,I85,sc20,3,12,shipped,standard
Inv1777,I86,sc20,4,6,shipped,standard
Inv1778,I87,sc20,2,4,shipped,standard
Inv1779,I88,sc20,2,4,shipped,standard
Inv1780,I89,sc20,3,12,confirmed,cold
Inv1781,I1,sc21,285,750,shipped,standard
Inv1782,I2,sc21,198,750,shipped,standard
Inv1783,I3,sc21,312,1000,shipped,standard
Inv1784,I4,sc21,403,1500,shipped,standard
Inv1785,I5,sc21,205,750,shipped,standard
Inv1786,I6,sc21,295,1000,shipped,standard
Inv1787,I7,sc21,402,1500,shipped,standard
Inv1788,I8,sc21,12,12,pending,standard
Inv1789,I9,sc21,5,0,n/a,standard
Inv1790,I10,sc21,2,0,n/a,standard
Inv1791,I11,sc21,1,0,n/a,standard
Inv1792,I12,sc21,1,0,n/a,standard
Inv1793,I13,sc21,1,0,n/a,standard
Inv1794,I14,sc21,425,2000,shipped,standard
Inv1795,I15,sc21,490,1500,shipped,standard
Inv1796,I16,sc21,739,1500,shipped,standard
Inv1797,I17,sc21,52,200,shipped,standard
Inv1798,I18,sc21,10,18,shipped,standard
Inv1799,I19,sc21,7,12,shipped,standard
Inv1800,I20,sc21,12,50,shipped,standard
Inv1801,I21,sc21,8,12,shipped,standard
Inv1802,I22,sc21,3,6,shipped,standard
Inv1803,I23,sc21,1,0,n/a,standard
Inv1804,I24,sc21,2,4,shipped,standard
Inv1805,I25,sc21,2,4,shipped,standard
Inv1806,I26,sc21,2,4,shipped,standard
Inv1807,I27,sc21,2,4,shipped,standard
Inv1808,I28,sc21,1,3,shipped,standard
Inv1809,I29,sc21,2,4,shipped,standard
Inv1810,I30,sc21,2,4,shipped,standard
Inv1811,I31,sc21,2,4,shipped,standard
Inv1812,I32,sc21,2,4,shipped,standard
Inv1813,I33,sc21,2,4,shipped,standard
Inv1814,I34,sc21,6,12,shipped,standard
Inv1815,I35,sc21,7,12,shipped,standard
Inv1816,I36,sc21,2,6,shipped,standard
Inv1817,I37,sc21,2,6,shipped,standard
Inv1818,I38,sc21,3,6,shipped,standard
Inv1819,I39,sc21,2,4,shipped,standard
Inv1820,I40,sc21,4,6,shipped,standard
Inv1821,I41,sc21,4,6,confirmed,standard
Inv1822,I42,sc21,2,4,confirmed,cold
Inv1823,I43,sc21,2,4,confirmed,cold
Inv1824,I44,sc21,2,2,shipped,standard
Inv1825,I45,sc21,6,12,shipped,standard
Inv1826,I46,sc21,3,10,confirmed,standard
Inv1827,I47,sc21,3,6,confirmed,cold
Inv1828,I48,sc21,2,6,confirmed,cold
Inv1829,I49,sc21,3,6,confirmed,cold
Inv1830,I50,sc21,2,12,confirmed,cold
Inv1831,I51,sc21,2,12,confirmed,cold
Inv1832,I52,sc21,3,12,confirmed,cold
Inv1833,I53,sc21,4,12,confirmed,cold
Inv1834,I54,sc21,3,12,confirmed,cold
Inv1835,I55,sc21,5,12,confirmed,cold
Inv1836,I56,sc21,2,12,confirmed,cold
Inv1837,I57,sc21,2,6,shipped,standard
Inv1838,I58,sc21,2,12,confirmed,cold
Inv1839,I59,sc21,5,12,confirmed,cold
Inv1840,I60,sc21,4,12,confirmed,cold
Inv1841,I61,sc21,1,4,shipped,standard
Inv1842,I62,sc21,2,4,confirmed,standard
Inv1843,I63,sc21,2,6,shipped,standard
Inv1844,I64,sc21,2,6,shipped,standard
Inv1845,I65,sc21,2,6,shipped,standard
Inv1846,I66,sc21,3,8,confirmed,standard
Inv1847,I67,sc21,2,6,shipped,standard
Inv1848,I68,sc21,1,4,confirmed,standard
Inv1849,I69,sc21,12,50,confirmed,cold
Inv1850,I70,sc21,12,50,confirmed,cold
Inv1851,I71,sc21,12,50,confirmed,cold
Inv1852,I72,sc21,3,12,confirmed,cold
Inv1853,I73,sc21,3,8,confirmed,cold
Inv1854,I74,sc21,3,12,confirmed,cold
Inv1855,I75,sc21,3,12,confirmed,cold
Inv1856,I76,sc21,3,12,confirmed,cold
Inv1857,I77,sc21,3,12,shipped,standard
Inv1858,I78,sc21,3,12,shipped,standard
Inv1859,I79,sc21,3,12,shipped,standard
Inv1860,I80,sc21,3,12,shipped,standard
Inv1861,I81,sc21,3,12,shipped,standard
Inv1862,I82,sc21,13,50,shipped,standard
Inv1863,I83,sc21,7,36,shipped,standard
Inv1864,I84,sc21,2,8,shipped,standard
Inv1865,I85,sc21,3,12,shipped,standard
Inv1866,I86,sc21,4,6,shipped,standard
Inv1867,I87,sc21,2,4,shipped,standard
Inv1868,I88,sc21,2,4,shipped,standard
Inv1869,I89,sc21,3,12,confirmed,cold